config,instance,nodes_graph,edges,obj,bound,gap_pct,time_s,time_limit,bb_nodes,total_cuts,cut_rounds,sec_cuts,sec_rounds,sec_time,rci_cuts,rci_rounds,rci_time,multistar_cuts,multistar_rounds,multistar_time,rglm_cuts,rglm_rounds,rglm_time,comb_cuts,comb_rounds,comb_time,spi_cuts,spi_rounds,spi_time,timestamp,machine,sep_time,prop_time,heur_time,rcfix_time,sweep_fixings,chain_fixings,node_fixings,rc_fix0,rc_fix1
a_sec,A-n54-k7-149,54,1431,-11492,-41804,2.638,300.031,300,115470,161073,17632,160716,17509,2.047,,,,,,,,,,,,,,,,2026-07-02T21:53:50+02:00,"AMD Ryzen 9 3950X 16-Core Processor 32T",4.474,0.736,2.398,0.005,0,0,0,0,0
a_sec,A-n60-k9-57,60,1770,-1000,-49394,48.394,300.029,300,84207,86215,9242,85900,9129,1.456,,,,,,,,,,,,,,,,2026-07-02T21:58:50+02:00,"AMD Ryzen 9 3950X 16-Core Processor 32T",2.916,0.69,1.982,0,0,0,0,0,0
a_sec,A-n61-k9-80,61,1830,-23549,-23549,0,23.502,300,1792,3922,440,3818,405,0.103,,,,,,,,,,,,,,,,2026-07-02T21:59:14+02:00,"AMD Ryzen 9 3950X 16-Core Processor 32T",0.189,0.018,0.026,0.004,0,0,0,0,0
a_sec,A-n62-k8-99,62,1891,-35969,-81943,1.278,300.023,300,89816,93832,9592,93547,9497,2.038,,,,,,,,,,,,,,,,2026-07-02T22:04:14+02:00,"AMD Ryzen 9 3950X 16-Core Processor 32T",3.751,0.616,3.426,0.006,0,0,0,0,0
a_sec,A-n63-k10-44,63,1953,-32561,-32561,0,39.958,300,5658,9961,1135,9826,1078,0.215,,,,,,,,,,,,,,,,2026-07-02T22:04:54+02:00,"AMD Ryzen 9 3950X 16-Core Processor 32T",0.417,0.042,0.144,0.007,0,0,0,0,0
a_sec,A-n63-k9-157,63,1953,-24189,-24189,0,116.1,300,25188,47652,5027,47442,4957,0.94,,,,,,,,,,,,,,,,2026-07-02T22:06:51+02:00,"AMD Ryzen 9 3950X 16-Core Processor 32T",1.766,0.181,0.627,0,0,0,0,0,0
a_sec,A-n64-k9-45,64,2016,-49701,-76764,0.545,300.024,300,60961,89518,9168,89188,9058,2.255,,,,,,,,,,,,,,,,2026-07-02T22:11:51+02:00,"AMD Ryzen 9 3950X 16-Core Processor 32T",4.145,0.422,1.994,0.004,0,0,0,0,0
a_sec,A-n65-k9-10,65,2080,-42835,-42835,0,19.58,300,857,2796,317,2717,283,0.08,,,,,,,,,,,,,,,,2026-07-02T22:12:10+02:00,"AMD Ryzen 9 3950X 16-Core Processor 32T",0.154,0.01,0.022,0,0,0,0,0,0
a_sec,A-n69-k9-42,69,2346,-41887,-41888,0,31.904,300,4828,6221,681,6056,626,0.181,,,,,,,,,,,,,,,,2026-07-02T22:12:42+02:00,"AMD Ryzen 9 3950X 16-Core Processor 32T",0.314,0.052,0.122,0.013,0,0,0,1638,0
a_sec,A-n80-k10-14,80,3160,-105283,-105283,0,63.771,300,2808,7547,795,7382,739,0.487,,,,,,,,,,,,,,,,2026-07-02T22:13:46+02:00,"AMD Ryzen 9 3950X 16-Core Processor 32T",0.805,0.039,0.16,0.013,0,0,0,0,0
a_sec,B-n45-k6-54,45,990,-74278,-74278,0,6.351,300,406,1521,177,1476,161,0.017,,,,,,,,,,,,,,,,2026-07-02T22:13:53+02:00,"AMD Ryzen 9 3950X 16-Core Processor 32T",0.045,0.004,0.008,0.002,0,0,0,0,0
a_sec,B-n50-k8-40,50,1225,-12832,-41260,2.215,300.034,300,165736,141692,15666,141278,15520,1.502,,,,,,,,,,,,,,,,2026-07-02T22:18:53+02:00,"AMD Ryzen 9 3950X 16-Core Processor 32T",3.516,0.829,2.936,0.003,0,0,0,711,0
a_sec,B-n52-k7-15,52,1326,-74998,-74998,0,4.005,300,270,1198,133,1153,117,0.021,,,,,,,,,,,,,,,,2026-07-02T22:18:57+02:00,"AMD Ryzen 9 3950X 16-Core Processor 32T",0.039,0.007,0.007,0.006,0,0,0,0,0
a_sec,B-n57-k7-20,57,1596,-841409,-841409,0,2.611,300,5,1045,119,1000,100,0.018,,,,,,,,,,,,,,,,2026-07-02T22:19:00+02:00,"AMD Ryzen 9 3950X 16-Core Processor 32T",0.049,0.039,0,0.038,0,0,0,0,0
a_sec,B-n66-k9-50,66,2145,-23807,-77072,2.237,300.021,300,77849,54573,5726,54231,5603,1.423,,,,,,,,,,,,,,,,2026-07-02T22:24:00+02:00,"AMD Ryzen 9 3950X 16-Core Processor 32T",2.512,0.585,2.178,0.011,0,0,0,1757,0
a_sec,B-n67-k10-26,67,2211,-21924,-21926,0,201.004,300,71001,110252,11738,109994,11652,1.999,,,,,,,,,,,,,,,,2026-07-02T22:27:21+02:00,"AMD Ryzen 9 3950X 16-Core Processor 32T",3.664,0.486,1.813,0.001,0,0,0,0,0
a_sec,B-n68-k9-65,68,2278,-31001,-76409,1.465,300.028,300,92192,58869,6106,58569,6006,1.449,,,,,,,,,,,,,,,,2026-07-02T22:32:21+02:00,"AMD Ryzen 9 3950X 16-Core Processor 32T",2.51,0.686,2.961,0.002,0,0,0,0,0
a_sec,B-n78-k10-70,78,3003,-43777,-78171,0.786,300.024,300,58188,64773,6639,64518,6554,2.273,,,,,,,,,,,,,,,,2026-07-02T22:37:22+02:00,"AMD Ryzen 9 3950X 16-Core Processor 32T",3.583,0.548,2.321,0.001,0,0,0,0,0
a_sec,E-n101-k14-158,101,5050,-3065,-23777,6.758,300.022,300,34872,39024,4106,38784,4026,2.406,,,,,,,,,,,,,,,,2026-07-02T22:42:22+02:00,"AMD Ryzen 9 3950X 16-Core Processor 32T",3.739,0.39,1.777,0.007,0,0,0,0,0
a_sec,E-n101-k8-291,101,5050,-4266,-4266,0,50.041,300,3212,6026,641,5876,588,0.582,,,,,,,,,,,,,,,,2026-07-02T22:43:12+02:00,"AMD Ryzen 9 3950X 16-Core Processor 32T",0.801,0.068,0.561,0.027,0,0,0,0,0
a_sec,E-n76-k10-72,76,2850,-25241,-25241,0,32.117,300,2528,5319,582,5199,542,0.205,,,,,,,,,,,,,,,,2026-07-02T22:43:44+02:00,"AMD Ryzen 9 3950X 16-Core Processor 32T",0.352,0.026,0.074,0.002,0,0,0,0,0
a_sec,E-n76-k14-102,76,2850,-1,-1,0,189.083,300,46133,71846,9303,71573,9210,1.463,,,,,,,,,,,,,,,,2026-07-02T22:46:53+02:00,"AMD Ryzen 9 3950X 16-Core Processor 32T",2.754,0.435,1.007,0.003,0,24,1,0,0
a_sec,E-n76-k15-40,76,2850,-1,-1,0,114.164,300,21112,27720,3587,27573,3524,0.745,,,,,,,,,,,,,,,,2026-07-02T22:48:48+02:00,"AMD Ryzen 9 3950X 16-Core Processor 32T",1.431,0.182,0.439,0.001,0,3,0,0,0
a_sec,E-n76-k7-44,76,2850,-22214,-22214,0,21.562,300,762,2274,266,2155,217,0.161,,,,,,,,,,,,,,,,2026-07-02T22:49:09+02:00,"AMD Ryzen 9 3950X 16-Core Processor 32T",0.292,0.046,0.078,0.035,0,0,0,0,0
a_sec,G-n262-k25-316,262,34191,-1426535,-1426535,0,139.397,300,364,2255,292,2141,215,1.555,,,,,,,,,,,,,,,,2026-07-02T22:51:29+02:00,"AMD Ryzen 9 3950X 16-Core Processor 32T",1.853,0,0.232,0,0,0,0,0,0
a_sec,M-n101-k10-97,101,5050,-32628,-32628,0,9.434,300,8,1658,185,1580,159,0.127,,,,,,,,,,,,,,,,2026-07-02T22:51:39+02:00,"AMD Ryzen 9 3950X 16-Core Processor 32T",0.174,0.011,0,0.01,0,0,0,0,0
a_sec,M-n121-k7-260,121,7260,-160097,-160097,0,201.836,300,3312,7094,800,6764,679,1.626,,,,,,,,,,,,,,,,2026-07-02T22:55:01+02:00,"AMD Ryzen 9 3950X 16-Core Processor 32T",2.261,0.559,0.875,0.498,0,0,0,0,0
a_sec,M-n151-k12-15,151,11325,-79996,-87483,0.094,300.021,300,7371,10441,1098,10216,1022,2.705,,,,,,,,,,,,,,,,2026-07-02T23:00:01+02:00,"AMD Ryzen 9 3950X 16-Core Processor 32T",3.495,0.403,2.259,0.224,0,0,0,6527,0
a_sec,M-n200-k16-143,200,19900,-198792,-198792,0,11.323,300,1,861,91,843,85,0.237,,,,,,,,,,,,,,,,2026-07-02T23:00:12+02:00,"AMD Ryzen 9 3950X 16-Core Processor 32T",0.298,0.277,0,0.277,0,0,0,0,0
a_sec,M-n200-k17-12,200,19900,-121210,-121222,0,158.173,300,810,3745,399,3640,364,1.467,,,,,,,,,,,,,,,,2026-07-02T23:02:50+02:00,"AMD Ryzen 9 3950X 16-Core Processor 32T",1.956,0.151,0.224,0.112,0,0,0,0,0
a_sec,P-n101-k4-174,101,5050,-17702,-17702,0,30.769,300,520,1916,225,1856,191,0.398,,,,,,,,,,,,,,,,2026-07-02T23:03:21+02:00,"AMD Ryzen 9 3950X 16-Core Processor 32T",0.663,0.021,0.238,0.013,0,0,0,0,0
a_sec,P-n50-k10-24,50,1225,-2965,-2965,0,10.647,300,1306,2715,368,2635,324,0.041,,,,,,,,,,,,,,,,2026-07-02T23:03:32+02:00,"AMD Ryzen 9 3950X 16-Core Processor 32T",0.103,0.007,0.016,0,7,9,0,0,0
a_sec,P-n50-k7-92,50,1225,-2,-2,0,17.755,300,2646,4954,585,4858,537,0.081,,,,,,,,,,,,,,,,2026-07-02T23:03:50+02:00,"AMD Ryzen 9 3950X 16-Core Processor 32T",0.177,0.015,0.061,0.002,0,0,0,0,0
a_sec,P-n50-k8-19,50,1225,-83307,-83307,0,2.746,300,78,556,88,475,57,0.005,,,,,,,,,,,,,,,,2026-07-02T23:03:53+02:00,"AMD Ryzen 9 3950X 16-Core Processor 32T",0.013,0.001,0,0.001,0,0,0,0,0
a_sec,P-n51-k10-30,51,1275,-2,-2,0,25.611,300,4682,6631,838,6543,798,0.102,,,,,,,,,,,,,,,,2026-07-02T23:04:19+02:00,"AMD Ryzen 9 3950X 16-Core Processor 32T",0.249,0.024,0.067,0,0,0,0,0,0
a_sec,P-n55-k10-44,55,1485,-1090,-1090,0,29.093,300,5267,8701,1073,8586,1019,0.144,,,,,,,,,,,,,,,,2026-07-02T23:04:48+02:00,"AMD Ryzen 9 3950X 16-Core Processor 32T",0.318,0.034,0.085,0.004,0,6,2,0,0
a_sec,P-n55-k15-88,55,1485,-1,-1,0,24.04,300,4460,3380,617,3260,572,0.04,,,,,,,,,,,,,,,,2026-07-02T23:05:12+02:00,"AMD Ryzen 9 3950X 16-Core Processor 32T",0.11,0.039,0.039,0,0,34,0,0,0
a_sec,P-n55-k7-116,55,1485,-17824,-17824,0,11.13,300,813,2243,265,2131,217,0.057,,,,,,,,,,,,,,,,2026-07-02T23:05:23+02:00,"AMD Ryzen 9 3950X 16-Core Processor 32T",0.117,0.008,0.018,0.002,0,0,0,0,0
a_sec,P-n55-k8-260,55,1485,-3573,-3573,0,23.879,300,2714,5310,611,5200,550,0.12,,,,,,,,,,,,,,,,2026-07-02T23:05:47+02:00,"AMD Ryzen 9 3950X 16-Core Processor 32T",0.254,0.018,0.07,0.003,0,4,14,26,0
a_sec,P-n60-k10-24,60,1770,-15001,-15001,0,9.999,300,433,2201,263,2120,229,0.056,,,,,,,,,,,,,,,,2026-07-02T23:05:57+02:00,"AMD Ryzen 9 3950X 16-Core Processor 32T",0.113,0.004,0.002,0,0,0,0,0,0
a_sec,P-n60-k15-8,60,1770,-534,-534,0,32.892,300,3976,4887,722,4782,671,0.092,,,,,,,,,,,,,,,,2026-07-02T23:06:30+02:00,"AMD Ryzen 9 3950X 16-Core Processor 32T",0.245,0.025,0.043,0.002,0,2,0,0,0
a_sec,P-n65-k10-102,65,2080,-3,-3,0,63.967,300,13059,20708,2490,20532,2388,0.438,,,,,,,,,,,,,,,,2026-07-02T23:07:35+02:00,"AMD Ryzen 9 3950X 16-Core Processor 32T",0.888,0.084,0.343,0.001,0,0,0,0,0
a_sec,P-n70-k10-12,70,2415,-70317,-70317,0,2.355,300,13,740,96,705,74,0.016,,,,,,,,,,,,,,,,2026-07-02T23:07:37+02:00,"AMD Ryzen 9 3950X 16-Core Processor 32T",0.034,0.001,0,0.001,0,0,0,0,0
a_sec,P-n76-k4-41,76,2850,-88276,-88276,0,9.207,300,105,1290,143,1230,123,0.111,,,,,,,,,,,,,,,,2026-07-02T23:07:46+02:00,"AMD Ryzen 9 3950X 16-Core Processor 32T",0.204,0.005,0,0.004,0,0,0,0,0
a_sec,P-n76-k5-16,76,2850,-107633,-107633,0,1.636,300,1,758,85,740,74,0.04,,,,,,,,,,,,,,,,2026-07-02T23:07:48+02:00,"AMD Ryzen 9 3950X 16-Core Processor 32T",0.08,0,0,0,0,0,0,0,0
a_sec,E-n101-k14_a,101,5050,-6.33,-27.425,3.333,300.018,300,46673,50814,5420,50544,5328,2.584,,,,,,,,,,,,,,,,2026-07-02T23:12:48+02:00,"AMD Ryzen 9 3950X 16-Core Processor 32T",3.893,0.659,2.431,0.033,0,0,0,0,0
a_sec,E-n101-k14_b,101,5050,0,-22.372,,300.024,300,52940,51308,5566,51068,5486,2.363,,,,,,,,,,,,,,,,2026-07-02T23:17:48+02:00,"AMD Ryzen 9 3950X 16-Core Processor 32T",3.563,0.713,2.825,0.001,0,10,5,0,0
a_sec,E-n101-k8_a,101,5050,-23.977,-23.977,0,33.977,300,633,2735,298,2630,263,0.367,,,,,,,,,,,,,,,,2026-07-02T23:18:23+02:00,"AMD Ryzen 9 3950X 16-Core Processor 32T",0.537,0.019,0.046,0.004,0,0,0,0,0
a_sec,E-n101-k8_b,101,5050,-18.738,-18.739,0,33.439,300,996,3243,349,3138,314,0.416,,,,,,,,,,,,,,,,2026-07-02T23:18:56+02:00,"AMD Ryzen 9 3950X 16-Core Processor 32T",0.589,0.075,0.04,0.056,0,0,0,0,0
a_sec,E-n76-k10_a,76,2850,-3.81,-8.867,1.327,300.037,300,57613,121506,12941,121013,12768,3.127,,,,,,,,,,,,,,,,2026-07-02T23:23:56+02:00,"AMD Ryzen 9 3950X 16-Core Processor 32T",5.375,0.56,2.152,0.005,0,1,0,0,0
a_sec,E-n76-k10_b,76,2850,-8.138,-8.138,0,55.472,300,4459,8827,951,8693,896,0.445,,,,,,,,,,,,,,,,2026-07-02T23:24:52+02:00,"AMD Ryzen 9 3950X 16-Core Processor 32T",0.804,0.044,0.125,0.004,0,0,0,0,0
a_sec,E-n76-k14_a,76,2850,-3.788,-3.788,0,157.614,300,32044,39661,4997,39479,4890,1.077,,,,,,,,,,,,,,,,2026-07-02T23:27:30+02:00,"AMD Ryzen 9 3950X 16-Core Processor 32T",2.092,0.272,0.672,0.003,0,1,0,0,0
a_sec,E-n76-k14_b,76,2850,-0.001,-0.001,0,211.703,300,49918,69659,8867,69464,8780,1.583,,,,,,,,,,,,,,,,2026-07-02T23:31:02+02:00,"AMD Ryzen 9 3950X 16-Core Processor 32T",2.986,0.476,1.103,0,0,10,10,0,0
a_sec,E-n76-k7_a,76,2850,-6.032,-12.532,1.078,300.016,300,42442,91886,9308,91547,9177,4.121,,,,,,,,,,,,,,,,2026-07-02T23:36:02+02:00,"AMD Ryzen 9 3950X 16-Core Processor 32T",6.47,0.372,3.672,0.027,0,0,0,0,0
a_sec,E-n76-k7_b,76,2850,-5.792,-5.792,0,32.078,300,1433,3455,380,3343,338,0.293,,,,,,,,,,,,,,,,2026-07-02T23:36:34+02:00,"AMD Ryzen 9 3950X 16-Core Processor 32T",0.498,0.028,0.145,0.014,0,0,0,0,0
a_sec,E-n76-k8_a,76,2850,-6.635,-12.452,0.877,300.018,300,54232,108904,11062,108595,10955,3.6,,,,,,,,,,,,,,,,2026-07-02T23:41:34+02:00,"AMD Ryzen 9 3950X 16-Core Processor 32T",5.835,0.437,3.163,0.006,0,0,0,0,0
a_sec,E-n76-k8_b,76,2850,-19.209,-19.209,0,5.091,300,9,1058,121,1019,102,0.103,,,,,,,,,,,,,,,,2026-07-02T23:41:39+02:00,"AMD Ryzen 9 3950X 16-Core Processor 32T",0.188,0.038,0,0.037,0,0,0,0,0
a_sec,F-n135-k7_a,135,9045,-13.856,-53.381,2.853,300.027,300,22635,17131,1819,16741,1689,2.005,,,,,,,,,,,,,,,,2026-07-02T23:46:39+02:00,"AMD Ryzen 9 3950X 16-Core Processor 32T",2.505,0.993,5.757,0.54,0,0,0,0,0
a_sec,F-n45-k4_a,45,990,-13.714,-13.714,0,0.961,300,1,522,62,492,52,0.009,,,,,,,,,,,,,,,,2026-07-02T23:46:41+02:00,"AMD Ryzen 9 3950X 16-Core Processor 32T",0.022,0.216,0,0.216,0,0,0,0,0
a_sec,F-n72-k4_a,72,2556,0.005,0.005,0,3.333,300,33,849,111,811,89,0.04,,,,,,,,,,,,,,,,2026-07-02T23:46:44+02:00,"AMD Ryzen 9 3950X 16-Core Processor 32T",0.071,0.003,0,0.002,0,0,0,0,0
a_sec,M-n121-k7_a,121,7260,-6.278,-95.168,14.159,300.042,300,7076,8660,971,8210,821,2.248,,,,,,,,,,,,,,,,2026-07-02T23:51:44+02:00,"AMD Ryzen 9 3950X 16-Core Processor 32T",3.065,0.268,1.529,0.135,0,0,0,0,0
a_sec,M-n121-k7_b,121,7260,-8.674,-88.356,9.186,300.051,300,4597,7070,791,6710,671,1.912,,,,,,,,,,,,,,,,2026-07-02T23:56:44+02:00,"AMD Ryzen 9 3950X 16-Core Processor 32T",2.702,0.182,0.971,0.085,0,0,0,0,0
a_sec,M-n151-k12_a,151,11325,-0.361,-36.552,100.252,300.029,300,8142,12040,1302,11620,1162,2.863,,,,,,,,,,,,,,,,2026-07-03T00:01:45+02:00,"AMD Ryzen 9 3950X 16-Core Processor 32T",3.506,0.246,2.87,0.013,0,0,0,0,0
a_sec,M-n151-k12_b,151,11325,-3.509,-31.358,7.936,300.023,300,10998,13780,1434,13540,1354,3.206,,,,,,,,,,,,,,,,2026-07-03T00:06:45+02:00,"AMD Ryzen 9 3950X 16-Core Processor 32T",4.027,0.297,3.187,0.007,0,0,0,0,0
a_sec,M-n200-k16_a,200,19900,-2.497,-46.682,17.695,300.045,300,4411,5394,669,4839,484,1.627,,,,,,,,,,,,,,,,2026-07-03T00:11:45+02:00,"AMD Ryzen 9 3950X 16-Core Processor 32T",1.876,0.238,1.491,0.017,0,0,0,0,0
a_sec,M-n200-k16_b,200,19900,1.465,-43.748,30.862,300.199,300,4504,6600,758,6180,618,2.196,,,,,,,,,,,,,,,,2026-07-03T00:16:45+02:00,"AMD Ryzen 9 3950X 16-Core Processor 32T",2.57,0.235,1.674,0.002,0,0,0,0,0
a_sec,M-n200-k17_a,200,19900,-5.102,-45.695,7.956,300.067,300,4641,7620,867,7170,717,2.566,,,,,,,,,,,,,,,,2026-07-03T00:21:46+02:00,"AMD Ryzen 9 3950X 16-Core Processor 32T",3.007,0.262,1.764,0.007,0,0,0,0,0
a_sec,M-n200-k17_b,200,19900,0,-39.099,8.80431209152795e+16,300.046,300,4485,7065,822,6570,657,2.379,,,,,,,,,,,,,,,,2026-07-03T00:26:46+02:00,"AMD Ryzen 9 3950X 16-Core Processor 32T",2.825,0.225,1.922,0.003,0,0,0,0,0
a_sec,P-n101-k4_a,101,5050,-7.219,-7.219,0,86.758,300,2860,6717,775,6300,630,1.352,,,,,,,,,,,,,,,,2026-07-03T00:28:13+02:00,"AMD Ryzen 9 3950X 16-Core Processor 32T",2.149,0.554,2.441,0.518,0,0,0,0,0
a_sec,P-n101-k4_b,101,5050,-13.17,-13.17,0,1.517,300,1,490,49,490,49,0.093,,,,,,,,,,,,,,,,2026-07-03T00:28:14+02:00,"AMD Ryzen 9 3950X 16-Core Processor 32T",0.123,0,0,0,0,0,0,0,0
a_sec,P-n70-k10_a,70,2415,-2.852,-2.852,0,107.047,300,21404,45785,5102,45566,5028,0.984,,,,,,,,,,,,,,,,2026-07-03T00:30:02+02:00,"AMD Ryzen 9 3950X 16-Core Processor 32T",1.783,0.157,0.595,0.007,0,0,0,241,0
a_sec,P-n70-k10_b,70,2415,-2.477,-2.477,0,111.529,300,25544,50576,5649,50372,5575,1.082,,,,,,,,,,,,,,,,2026-07-03T00:31:53+02:00,"AMD Ryzen 9 3950X 16-Core Processor 32T",1.969,0.19,0.679,0,0,1,0,0,0
a_sec,P-n76-k4_a,76,2850,-2.903,-2.903,0,60.978,300,4579,12153,1268,11958,1199,1.09,,,,,,,,,,,,,,,,2026-07-03T00:32:54+02:00,"AMD Ryzen 9 3950X 16-Core Processor 32T",1.807,0.053,1.184,0.02,0,0,0,0,0
a_sec,P-n76-k4_b,76,2850,-13.164,-13.164,0,1.231,300,1,680,68,680,68,0.074,,,,,,,,,,,,,,,,2026-07-03T00:32:56+02:00,"AMD Ryzen 9 3950X 16-Core Processor 32T",0.111,0,0,0,0,0,0,0,0
a_sec,P-n76-k5_a,76,2850,-3.96,-3.96,0,104.112,300,10548,21237,2183,21041,2108,1.547,,,,,,,,,,,,,,,,2026-07-03T00:34:40+02:00,"AMD Ryzen 9 3950X 16-Core Processor 32T",2.447,0.097,1.79,0.017,0,0,0,0,0
a_sec,P-n76-k5_b,76,2850,-13.64,-13.64,0,3.391,300,5,1156,133,1090,109,0.128,,,,,,,,,,,,,,,,2026-07-03T00:34:44+02:00,"AMD Ryzen 9 3950X 16-Core Processor 32T",0.205,0.09,0,0.089,0,0,0,0,0
b_cap,A-n54-k7-149,54,1431,-12492,-12492,0,12.484,300,156,1478,169,563,149,0.024,3,54,0.141,852,136,0.03,,,,,,,,,,2026-07-03T00:34:56+02:00,"AMD Ryzen 9 3950X 16-Core Processor 32T",0.204,0.011,0,0.009,0,0,0,0,0
b_cap,A-n60-k9-57,60,1770,-1000,-1000,0,88.026,300,6127,7270,911,4080,854,0.108,47,149,0.739,3010,676,0.169,,,,,,,,,,2026-07-03T00:36:24+02:00,"AMD Ryzen 9 3950X 16-Core Processor 32T",1.109,0.049,0.184,0,0,0,0,0,0
b_cap,A-n61-k9-80,61,1830,-23549,-23549,0,11.324,300,144,1287,182,527,135,0.023,3,42,0.127,679,109,0.033,,,,,,,,,,2026-07-03T00:36:36+02:00,"AMD Ryzen 9 3950X 16-Core Processor 32T",0.189,0.004,0,0.001,0,0,0,0,0
b_cap,A-n62-k8-99,62,1891,-35969,-35971,0,31.614,300,858,2393,263,762,238,0.07,7,109,0.292,1564,236,0.085,,,,,,,,,,2026-07-03T00:37:08+02:00,"AMD Ryzen 9 3950X 16-Core Processor 32T",0.426,0.047,0.041,0.038,0,0,0,0,0
b_cap,A-n63-k10-44,63,1953,-32561,-32561,0,5.43,300,29,887,104,213,89,0.022,0,45,0.086,631,84,0.023,,,,,,,,,,2026-07-03T00:37:13+02:00,"AMD Ryzen 9 3950X 16-Core Processor 32T",0.123,0.093,0,0.092,0,0,0,0,0
b_cap,A-n63-k9-157,63,1953,-24189,-24189,0,9.573,300,23,995,132,311,110,0.024,0,50,0.094,657,93,0.028,,,,,,,,,,2026-07-03T00:37:23+02:00,"AMD Ryzen 9 3950X 16-Core Processor 32T",0.146,0.001,0,0,0,0,0,0,0
b_cap,A-n64-k9-45,64,2016,-50550,-50550,0,26.388,300,587,1895,209,747,188,0.058,0,79,0.199,1088,182,0.063,,,,,,,,,,2026-07-03T00:37:49+02:00,"AMD Ryzen 9 3950X 16-Core Processor 32T",0.29,0.021,0.015,0.015,0,0,0,0,0
b_cap,A-n65-k9-10,65,2080,-42835,-42835,0,6.426,300,9,1135,157,434,124,0.024,2,46,0.125,642,104,0.036,,,,,,,,,,2026-07-03T00:37:56+02:00,"AMD Ryzen 9 3950X 16-Core Processor 32T",0.187,0.002,0,0.001,0,0,0,0,0
b_cap,A-n69-k9-42,69,2346,-43290,-43290,0,4.069,300,5,970,116,272,93,0.03,2,49,0.103,661,95,0.036,,,,,,,,,,2026-07-03T00:38:00+02:00,"AMD Ryzen 9 3950X 16-Core Processor 32T",0.145,0.017,0,0.017,0,0,0,0,0
b_cap,A-n80-k10-14,80,3160,-105283,-105283,0,50.372,300,2850,5595,612,2557,537,0.261,0,393,0.555,2813,536,0.252,,,,,,,,,,2026-07-03T00:38:51+02:00,"AMD Ryzen 9 3950X 16-Core Processor 32T",0.784,0.046,0.164,0.016,0,0,0,0,0
b_cap,B-n45-k6-54,45,990,-74278,-74278,0,5.4,300,171,1080,131,548,110,0.011,9,47,0.09,463,93,0.014,,,,,,,,,,2026-07-03T00:38:56+02:00,"AMD Ryzen 9 3950X 16-Core Processor 32T",0.119,0.002,0,0.001,0,0,0,0,0
b_cap,B-n50-k8-40,50,1225,-12832,-12832,0,15.143,300,441,1497,173,451,145,0.021,17,86,0.135,954,143,0.027,,,,,,,,,,2026-07-03T00:39:12+02:00,"AMD Ryzen 9 3950X 16-Core Processor 32T",0.183,0.006,0.011,0.003,0,0,0,0,0
b_cap,B-n52-k7-15,52,1326,-74998,-74998,0,2.9,300,84,843,96,437,80,0.011,7,38,0.061,354,79,0.012,,,,,,,,,,2026-07-03T00:39:15+02:00,"AMD Ryzen 9 3950X 16-Core Processor 32T",0.082,0.003,0,0.002,0,0,0,0,0
b_cap,B-n57-k7-20,57,1596,-867154,-867154,0,2.755,300,3,875,98,824,83,0.015,0,21,0.077,6,81,0.017,,,,,,,,,,2026-07-03T00:39:17+02:00,"AMD Ryzen 9 3950X 16-Core Processor 32T",0.108,0.083,0,0.083,0,0,0,0,0
b_cap,B-n66-k9-50,66,2145,-26520,-26520,0,54.322,300,2149,3469,373,1440,337,0.116,9,146,0.437,1915,330,0.143,,,,,,,,,,2026-07-03T00:40:12+02:00,"AMD Ryzen 9 3950X 16-Core Processor 32T",0.6,0.016,0.081,0.002,0,0,0,0,0
b_cap,B-n67-k10-26,67,2211,-21924,-21924,0,2.83,300,9,1048,137,316,101,0.024,4,46,0.085,665,98,0.028,,,,,,,,,,2026-07-03T00:40:15+02:00,"AMD Ryzen 9 3950X 16-Core Processor 32T",0.118,0.001,0,0,0,0,0,0,0
b_cap,B-n68-k9-65,68,2278,-31001,-31001,0,35.246,300,905,2659,312,1175,264,0.07,6,102,0.277,1349,243,0.092,,,,,,,,,,2026-07-03T00:40:50+02:00,"AMD Ryzen 9 3950X 16-Core Processor 32T",0.393,0.025,0.036,0.015,0,0,0,0,0
b_cap,B-n78-k10-70,78,3003,-44333,-44333,0,23.254,300,110,1410,173,537,137,0.066,2,74,0.163,782,128,0.074,,,,,,,,,,2026-07-03T00:41:14+02:00,"AMD Ryzen 9 3950X 16-Core Processor 32T",0.238,0.005,0,0.001,0,0,0,0,0
b_cap,E-n101-k14-158,101,5050,-3590,-8865,1.469,300.038,300,4542,8114,918,3236,855,0.501,26,185,1.227,4714,830,0.776,,,,,,,,,,2026-07-03T00:46:14+02:00,"AMD Ryzen 9 3950X 16-Core Processor 32T",2.264,0.129,0.329,0.044,0,0,0,0,0
b_cap,E-n101-k8-291,101,5050,-4266,-4266,0,28.347,300,535,1511,207,823,143,0.129,7,62,0.205,579,124,0.154,,,,,,,,,,2026-07-03T00:46:42+02:00,"AMD Ryzen 9 3950X 16-Core Processor 32T",0.313,0.014,0.063,0.005,0,0,0,0,0
b_cap,E-n76-k10-72,76,2850,-25241,-25241,0,13.016,300,63,1000,142,361,95,0.036,2,47,0.121,563,89,0.048,,,,,,,,,,2026-07-03T00:46:56+02:00,"AMD Ryzen 9 3950X 16-Core Processor 32T",0.177,0.005,0,0.003,0,0,0,0,0
b_cap,E-n76-k14-102,76,2850,-1,-1,0,88.059,300,2756,7114,986,3722,902,0.137,62,131,0.679,3300,792,0.228,,,,,,,,,,2026-07-03T00:48:24+02:00,"AMD Ryzen 9 3950X 16-Core Processor 32T",1.148,0.036,0.069,0.002,0,3,0,0,0
b_cap,E-n76-k15-40,76,2850,-1,-1,0,94.707,300,3179,5707,845,2859,734,0.112,30,83,0.627,2724,650,0.217,,,,,,,,,,2026-07-03T00:49:59+02:00,"AMD Ryzen 9 3950X 16-Core Processor 32T",1.097,0.04,0.085,0.002,0,3,0,0,0
b_cap,E-n76-k7-44,76,2850,-22214,-22214,0,6.869,300,27,976,116,359,97,0.057,5,63,0.126,576,93,0.059,,,,,,,,,,2026-07-03T00:50:06+02:00,"AMD Ryzen 9 3950X 16-Core Processor 32T",0.186,0.058,0,0.057,0,0,0,0,0
b_cap,G-n262-k25-316,262,34191,-1426535,-1426535,0,58.522,300,51,1605,193,1419,153,1.104,1,107,0.325,110,153,1.018,,,,,,,,,,2026-07-03T00:51:04+02:00,"AMD Ryzen 9 3950X 16-Core Processor 32T",1.417,0,0,0,0,0,0,0,0
b_cap,M-n101-k10-97,101,5050,-32628,-32628,0,18.658,300,641,1790,200,1302,170,0.109,0,53,0.169,398,169,0.102,,,,,,,,,,2026-07-03T00:51:23+02:00,"AMD Ryzen 9 3950X 16-Core Processor 32T",0.236,0.015,0.082,0.004,0,0,0,0,0
b_cap,M-n121-k7-260,121,7260,-160097,-160110,0,179.467,300,1385,3875,409,2629,381,0.79,0,215,0.675,1171,378,0.745,,,,,,,,,,2026-07-03T00:54:23+02:00,"AMD Ryzen 9 3950X 16-Core Processor 32T",1.274,0.603,0.388,0.573,0,0,0,0,0
b_cap,M-n151-k12-15,151,11325,-79996,-86800,0.085,300.046,300,6113,10274,1083,7089,1006,2.49,0,688,1.725,2960,1002,2.278,,,,,,,,,,2026-07-03T00:59:23+02:00,"AMD Ryzen 9 3950X 16-Core Processor 32T",3.471,0.283,1.988,0.12,0,0,0,4099,0
b_cap,M-n200-k16-143,200,19900,-198792,-198792,0,11.823,300,1,983,102,925,97,0.256,0,64,0.13,43,95,0.229,,,,,,,,,,2026-07-03T00:59:35+02:00,"AMD Ryzen 9 3950X 16-Core Processor 32T",0.344,0.077,0,0.077,0,0,0,0,0
b_cap,M-n200-k17-12,200,19900,-121210,-121218,0,288.716,300,4175,10305,1090,8000,1005,3.827,0,780,1.789,2050,1005,3.256,,,,,,,,,,2026-07-03T01:04:24+02:00,"AMD Ryzen 9 3950X 16-Core Processor 32T",4.788,0.515,1.497,0.339,0,0,0,819,0
b_cap,P-n101-k4-174,101,5050,-17702,-17702,0,16.656,300,120,1170,140,517,116,0.226,1,79,0.202,631,113,0.216,,,,,,,,,,2026-07-03T01:04:41+02:00,"AMD Ryzen 9 3950X 16-Core Processor 32T",0.42,0.139,0,0.136,0,0,0,0,0
b_cap,P-n50-k10-24,50,1225,-2965,-2965,0,10.733,300,394,1133,204,418,142,0.011,5,23,0.117,606,123,0.02,,,,,,,,,,2026-07-03T01:04:52+02:00,"AMD Ryzen 9 3950X 16-Core Processor 32T",0.17,0.005,0.004,0.001,0,2,0,0,0
b_cap,P-n50-k7-92,50,1225,-2,-2,0,13.917,300,955,2437,356,1390,280,0.026,8,58,0.239,966,224,0.041,,,,,,,,,,2026-07-03T01:05:06+02:00,"AMD Ryzen 9 3950X 16-Core Processor 32T",0.341,0.008,0.018,0.003,0,0,0,0,0
b_cap,P-n50-k8-19,50,1225,-83307,-83307,0,1.409,300,19,550,69,324,53,0.004,2,9,0.033,195,53,0.006,,,,,,,,,,2026-07-03T01:05:07+02:00,"AMD Ryzen 9 3950X 16-Core Processor 32T",0.044,0.001,0,0,0,0,0,0,0
b_cap,P-n51-k10-30,51,1275,-2,-2,0,20.883,300,1707,2641,404,1272,334,0.023,12,52,0.233,1289,282,0.041,,,,,,,,,,2026-07-03T01:05:28+02:00,"AMD Ryzen 9 3950X 16-Core Processor 32T",0.347,0.011,0.025,0,0,0,0,0,0
b_cap,P-n55-k10-44,55,1485,-1090,-1090,0,20.702,300,1009,2066,319,949,268,0.027,7,43,0.214,1028,199,0.044,,,,,,,,,,2026-07-03T01:05:49+02:00,"AMD Ryzen 9 3950X 16-Core Processor 32T",0.334,0.008,0.02,0.001,0,1,0,0,0
b_cap,P-n55-k15-88,55,1485,-2,-2,0,35.246,300,2799,1959,461,1003,345,0.015,23,35,0.176,870,271,0.031,,,,,,,,,,2026-07-03T01:06:25+02:00,"AMD Ryzen 9 3950X 16-Core Processor 32T",0.282,0.022,0.025,0,0,54,0,0,0
b_cap,P-n55-k7-116,55,1485,-17824,-17824,0,2.34,300,15,610,82,217,62,0.011,5,30,0.065,352,57,0.015,,,,,,,,,,2026-07-03T01:06:27+02:00,"AMD Ryzen 9 3950X 16-Core Processor 32T",0.096,0.001,0,0,0,0,0,0,0
b_cap,P-n55-k8-260,55,1485,-3573,-3573,0,11.314,300,315,1114,149,451,110,0.02,1,47,0.107,581,99,0.025,,,,,,,,,,2026-07-03T01:06:38+02:00,"AMD Ryzen 9 3950X 16-Core Processor 32T",0.149,0.007,0.003,0.004,0,1,0,0,0
b_cap,P-n60-k10-24,60,1770,-15001,-15001,0,2.253,300,21,626,85,220,63,0.009,3,23,0.052,377,66,0.013,,,,,,,,,,2026-07-03T01:06:41+02:00,"AMD Ryzen 9 3950X 16-Core Processor 32T",0.08,0,0,0,0,0,0,0,0
b_cap,P-n60-k15-8,60,1770,-534,-534,0,23.396,300,934,1422,287,624,218,0.015,14,35,0.148,714,160,0.031,,,,,,,,,,2026-07-03T01:07:04+02:00,"AMD Ryzen 9 3950X 16-Core Processor 32T",0.231,0.009,0.011,0.001,0,1,0,0,0
b_cap,P-n65-k10-102,65,2080,-3,-3,0,32.686,300,1918,4349,605,2304,521,0.065,26,97,0.386,1941,427,0.105,,,,,,,,,,2026-07-03T01:07:37+02:00,"AMD Ryzen 9 3950X 16-Core Processor 32T",0.588,0.018,0.05,0.002,0,0,0,0,0
b_cap,P-n70-k10-12,70,2415,-70317,-70317,0,1.123,300,1,633,72,292,62,0.012,0,41,0.043,314,60,0.014,,,,,,,,,,2026-07-03T01:07:39+02:00,"AMD Ryzen 9 3950X 16-Core Processor 32T",0.063,0.002,0,0.002,0,0,0,0,0
b_cap,P-n76-k4-41,76,2850,-88276,-88276,0,8.267,300,101,1375,149,880,133,0.104,0,101,0.184,450,133,0.094,,,,,,,,,,2026-07-03T01:07:47+02:00,"AMD Ryzen 9 3950X 16-Core Processor 32T",0.284,0.013,0,0.012,0,0,0,0,0
b_cap,P-n76-k5-16,76,2850,-107633,-107633,0,1.352,300,1,570,62,445,55,0.027,0,34,0.064,104,51,0.028,,,,,,,,,,2026-07-03T01:07:48+02:00,"AMD Ryzen 9 3950X 16-Core Processor 32T",0.101,0.003,0,0.003,0,0,0,0,0
b_cap,E-n101-k14_a,101,5050,-6.667,-6.667,0,101.097,300,925,4823,543,1692,500,0.334,17,154,0.707,3072,501,0.445,,,,,,,,,,2026-07-03T01:09:30+02:00,"AMD Ryzen 9 3950X 16-Core Processor 32T",1.205,0.028,0.062,0.008,0,0,0,0,0
b_cap,E-n101-k14_b,101,5050,-0.002,-10.748,5373,300.043,300,5787,4980,632,1764,530,0.277,14,161,0.75,3080,530,0.446,,,,,,,,,,2026-07-03T01:14:30+02:00,"AMD Ryzen 9 3950X 16-Core Processor 32T",1.465,0.12,0.361,0.018,0,0,0,0,0
b_cap,E-n101-k8_a,101,5050,-23.977,-23.977,0,32.757,300,405,1499,180,522,137,0.164,1,90,0.199,847,137,0.164,,,,,,,,,,2026-07-03T01:15:03+02:00,"AMD Ryzen 9 3950X 16-Core Processor 32T",0.317,0.016,0.064,0.004,0,0,0,0,0
b_cap,E-n101-k8_b,101,5050,-18.738,-18.738,0,2.562,300,1,710,71,279,71,0.097,0,40,0.092,431,71,0.081,,,,,,,,,,2026-07-03T01:15:05+02:00,"AMD Ryzen 9 3950X 16-Core Processor 32T",0.155,0,0,0,0,0,0,0,0
b_cap,E-n76-k10_a,76,2850,-3.81,-3.81,0,53.863,300,1354,4964,612,2370,557,0.145,17,106,0.617,2504,511,0.234,,,,,,,,,,2026-07-03T01:15:59+02:00,"AMD Ryzen 9 3950X 16-Core Processor 32T",1.015,0.016,0.069,0.001,0,0,0,0,0
b_cap,E-n76-k10_b,76,2850,-8.138,-8.138,0,7.713,300,15,1014,118,180,99,0.04,3,62,0.115,786,99,0.046,,,,,,,,,,2026-07-03T01:16:07+02:00,"AMD Ryzen 9 3950X 16-Core Processor 32T",0.177,0.023,0,0.022,0,0,0,0,0
b_cap,E-n76-k14_a,76,2850,-3.788,-3.788,0,54.917,300,1499,3462,485,1570,423,0.076,22,63,0.383,1805,379,0.133,,,,,,,,,,2026-07-03T01:17:02+02:00,"AMD Ryzen 9 3950X 16-Core Processor 32T",0.632,0.018,0.035,0.001,0,1,0,0,0
b_cap,E-n76-k14_b,76,2850,-0.002,-0.002,0,101.016,300,3252,5275,789,2658,693,0.111,25,86,0.556,2524,577,0.19,,,,,,,,,,2026-07-03T01:18:44+02:00,"AMD Ryzen 9 3950X 16-Core Processor 32T",0.966,0.04,0.075,0.002,0,14,0,0,0
b_cap,E-n76-k7_a,76,2850,-6.032,-6.032,0,46.286,300,1506,4569,513,2419,467,0.224,15,168,0.626,2035,410,0.286,,,,,,,,,,2026-07-03T01:19:30+02:00,"AMD Ryzen 9 3950X 16-Core Processor 32T",0.973,0.034,0.146,0.02,0,0,0,0,0
b_cap,E-n76-k7_b,76,2850,-5.792,-5.792,0,6.053,300,5,991,110,308,104,0.056,6,55,0.141,665,98,0.069,,,,,,,,,,2026-07-03T01:19:36+02:00,"AMD Ryzen 9 3950X 16-Core Processor 32T",0.235,0.035,0,0.035,0,0,0,0,0
b_cap,E-n76-k8_a,76,2850,-6.635,-6.635,0,52.541,300,2040,4009,489,1730,426,0.178,8,163,0.558,2135,375,0.242,,,,,,,,,,2026-07-03T01:20:29+02:00,"AMD Ryzen 9 3950X 16-Core Processor 32T",0.902,0.023,0.109,0.001,0,0,0,0,0
b_cap,E-n76-k8_b,76,2850,-19.209,-19.209,0,1.014,300,1,490,49,139,49,0.031,0,33,0.056,351,49,0.029,,,,,,,,,,2026-07-03T01:20:30+02:00,"AMD Ryzen 9 3950X 16-Core Processor 32T",0.077,0,0,0,0,0,0,0,0
b_cap,F-n135-k7_a,135,9045,-13.856,-21.881,0.579,300.022,300,18486,8751,929,5923,852,1.578,31,508,1.309,2566,852,1.399,,,,,,,,,,2026-07-03T01:25:30+02:00,"AMD Ryzen 9 3950X 16-Core Processor 32T",2.201,1.895,10.263,1.566,0,0,0,0,0
b_cap,F-n45-k4_a,45,990,-13.714,-13.714,0,0.277,300,1,220,22,102,22,0.003,0,10,0.02,118,22,0.004,,,,,,,,,,2026-07-03T01:25:31+02:00,"AMD Ryzen 9 3950X 16-Core Processor 32T",0.026,0,0,0,0,0,0,0,0
b_cap,F-n72-k4_a,72,2556,0.005,0.005,0,1.786,300,13,641,72,410,64,0.026,4,36,0.073,203,60,0.028,,,,,,,,,,2026-07-03T01:25:33+02:00,"AMD Ryzen 9 3950X 16-Core Processor 32T",0.097,0.011,0,0.01,0,0,0,0,0
b_cap,M-n121-k7_a,121,7260,-11.979,-21.828,0.822,300.126,300,3776,6890,738,3587,671,1.556,35,431,1.219,3088,669,1.394,,,,,,,,,,2026-07-03T01:30:33+02:00,"AMD Ryzen 9 3950X 16-Core Processor 32T",2.326,0.691,0.923,0.621,0,0,0,0,0
b_cap,M-n121-k7_b,121,7260,-8.674,-21.716,1.504,300.029,300,5202,8422,923,4336,808,1.739,19,502,1.394,3722,808,1.599,,,,,,,,,,2026-07-03T01:35:33+02:00,"AMD Ryzen 9 3950X 16-Core Processor 32T",2.859,0.174,1.487,0.046,0,0,0,0,0
b_cap,M-n151-k12_a,151,11325,-2.759,-14.641,4.307,300.074,300,2268,3829,404,1286,374,0.988,10,189,0.68,2443,374,1.014,,,,,,,,,,2026-07-03T01:40:33+02:00,"AMD Ryzen 9 3950X 16-Core Processor 32T",1.895,0.142,0.811,0.064,0,0,0,0,0
b_cap,M-n151-k12_b,151,11325,-3.509,-13.811,2.936,300.098,300,1791,3271,369,955,316,0.812,11,183,0.564,2159,314,0.861,,,,,,,,,,2026-07-03T01:45:34+02:00,"AMD Ryzen 9 3950X 16-Core Processor 32T",1.642,0.082,0.744,0.005,0,0,0,0,0
b_cap,M-n200-k16_a,200,19900,1.528,-21.275,14.923,300.047,300,596,2485,273,481,238,1.026,2,153,0.436,1897,238,0.888,,,,,,,,,,2026-07-03T01:50:34+02:00,"AMD Ryzen 9 3950X 16-Core Processor 32T",1.664,0.041,0.232,0.006,0,0,0,0,0
b_cap,M-n200-k16_b,200,19900,1.465,-27.414,19.713,300.461,300,2303,5870,671,2658,551,2.089,0,410,0.965,2852,551,1.765,,,,,,,,,,2026-07-03T01:55:35+02:00,"AMD Ryzen 9 3950X 16-Core Processor 32T",2.718,0.155,0.963,0.002,0,0,0,0,0
b_cap,M-n200-k17_a,200,19900,-5.102,-21.962,3.305,300.061,300,504,2337,259,345,226,0.975,1,148,0.435,1931,233,0.859,,,,,,,,,,2026-07-03T02:00:35+02:00,"AMD Ryzen 9 3950X 16-Core Processor 32T",1.844,0.284,0.116,0.256,0,0,0,0,0
b_cap,M-n200-k17_b,200,19900,-0,-17.539,4.19671939352194e+15,300.136,300,1016,2980,312,827,292,1.245,3,171,0.539,2090,292,1.071,,,,,,,,,,2026-07-03T02:05:35+02:00,"AMD Ryzen 9 3950X 16-Core Processor 32T",1.814,0.063,0.508,0.006,0,0,0,0,0
b_cap,P-n101-k4_a,101,5050,-7.219,-7.219,0,21.504,300,166,1105,131,525,108,0.185,3,58,0.178,526,95,0.199,,,,,,,,,,2026-07-03T02:05:57+02:00,"AMD Ryzen 9 3950X 16-Core Processor 32T",0.392,0.029,0,0.025,0,0,0,0,0
b_cap,P-n101-k4_b,101,5050,-13.17,-13.17,0,1.232,300,1,400,40,300,40,0.069,0,16,0.061,100,40,0.066,,,,,,,,,,2026-07-03T02:05:58+02:00,"AMD Ryzen 9 3950X 16-Core Processor 32T",0.103,0,0,0,0,0,0,0,0
b_cap,P-n70-k10_a,70,2415,-2.852,-2.852,0,35.983,300,1389,3838,490,1956,421,0.076,28,89,0.409,1772,388,0.127,,,,,,,,,,2026-07-03T02:06:34+02:00,"AMD Ryzen 9 3950X 16-Core Processor 32T",0.618,0.012,0.048,0.001,0,0,0,0,0
b_cap,P-n70-k10_b,70,2415,-2.477,-2.477,0,18.316,300,210,1633,237,647,188,0.036,8,39,0.199,879,160,0.064,,,,,,,,,,2026-07-03T02:06:53+02:00,"AMD Ryzen 9 3950X 16-Core Processor 32T",0.311,0.004,0.007,0,0,0,0,0,0
b_cap,P-n76-k4_a,76,2850,-2.903,-2.903,0,19.029,300,1484,2345,274,1467,233,0.135,5,69,0.336,789,190,0.171,,,,,,,,,,2026-07-03T02:07:12+02:00,"AMD Ryzen 9 3950X 16-Core Processor 32T",0.517,0.014,0.267,0.003,0,0,0,0,0
b_cap,P-n76-k4_b,76,2850,-13.164,-13.164,0,0.805,300,1,410,41,125,41,0.038,0,25,0.056,285,41,0.035,,,,,,,,,,2026-07-03T02:07:13+02:00,"AMD Ryzen 9 3950X 16-Core Processor 32T",0.079,0,0,0,0,0,0,0,0
b_cap,P-n76-k5_a,76,2850,-3.96,-3.96,0,27.45,300,1083,3845,424,2466,385,0.182,14,129,0.515,1283,351,0.237,,,,,,,,,,2026-07-03T02:07:40+02:00,"AMD Ryzen 9 3950X 16-Core Processor 32T",0.772,0.011,0.16,0.002,0,0,0,0,0
b_cap,P-n76-k5_b,76,2850,-13.64,-13.64,0,0.913,300,1,450,45,141,45,0.039,0,33,0.062,309,45,0.037,,,,,,,,,,2026-07-03T02:07:41+02:00,"AMD Ryzen 9 3950X 16-Core Processor 32T",0.086,0,0,0,0,0,0,0,0
b_cap_nofix,A-n54-k7-149,54,1431,-12492,-12492,0,12.517,300,156,1478,169,563,149,0.024,3,54,0.141,852,136,0.029,,,,,,,,,,2026-07-03T02:07:54+02:00,"AMD Ryzen 9 3950X 16-Core Processor 32T",0.202,0,0,0,0,0,0,0,0
b_cap_nofix,A-n60-k9-57,60,1770,-1000,-1000,0,88.34,300,6127,7270,911,4080,854,0.108,47,149,0.728,3010,676,0.171,,,,,,,,,,2026-07-03T02:09:23+02:00,"AMD Ryzen 9 3950X 16-Core Processor 32T",1.101,0.001,0.184,0,0,0,0,0,0
b_cap_nofix,A-n61-k9-80,61,1830,-23549,-23549,0,11.103,300,144,1287,182,527,135,0.023,3,42,0.124,679,109,0.033,,,,,,,,,,2026-07-03T02:09:34+02:00,"AMD Ryzen 9 3950X 16-Core Processor 32T",0.185,0,0,0,0,0,0,0,0
b_cap_nofix,A-n62-k8-99,62,1891,-35969,-35971,0,31.223,300,858,2393,263,762,238,0.069,7,109,0.297,1564,236,0.083,,,,,,,,,,2026-07-03T02:10:05+02:00,"AMD Ryzen 9 3950X 16-Core Processor 32T",0.429,0,0.038,0,0,0,0,0,0
b_cap_nofix,A-n63-k10-44,63,1953,-32561,-32561,0,5.323,300,29,887,104,213,89,0.019,0,45,0.086,631,84,0.024,,,,,,,,,,2026-07-03T02:10:11+02:00,"AMD Ryzen 9 3950X 16-Core Processor 32T",0.122,0,0,0,0,0,0,0,0
b_cap_nofix,A-n63-k9-157,63,1953,-24189,-24189,0,11.543,300,56,1257,164,464,135,0.027,1,55,0.117,743,119,0.031,,,,,,,,,,2026-07-03T02:10:22+02:00,"AMD Ryzen 9 3950X 16-Core Processor 32T",0.178,0,0,0,0,0,0,0,0
b_cap_nofix,A-n64-k9-45,64,2016,-50550,-50550,0,26.01,300,587,1895,209,747,188,0.055,0,79,0.201,1088,182,0.066,,,,,,,,,,2026-07-03T02:10:49+02:00,"AMD Ryzen 9 3950X 16-Core Processor 32T",0.291,0,0.014,0,0,0,0,0,0
b_cap_nofix,A-n65-k9-10,65,2080,-42835,-42835,0,6.306,300,9,1135,157,434,124,0.024,2,46,0.121,642,104,0.035,,,,,,,,,,2026-07-03T02:10:55+02:00,"AMD Ryzen 9 3950X 16-Core Processor 32T",0.182,0,0,0,0,0,0,0,0
b_cap_nofix,A-n69-k9-42,69,2346,-43290,-43290,0,3.973,300,5,970,116,272,93,0.031,2,49,0.101,661,95,0.034,,,,,,,,,,2026-07-03T02:10:59+02:00,"AMD Ryzen 9 3950X 16-Core Processor 32T",0.142,0,0,0,0,0,0,0,0
b_cap_nofix,A-n80-k10-14,80,3160,-105283,-105283,0,50.238,300,2850,5595,612,2557,537,0.263,0,393,0.555,2813,536,0.247,,,,,,,,,,2026-07-03T02:11:50+02:00,"AMD Ryzen 9 3950X 16-Core Processor 32T",0.782,0,0.17,0,0,0,0,0,0
b_cap_nofix,B-n45-k6-54,45,990,-74278,-74278,0,5.454,300,171,1080,131,548,110,0.011,9,47,0.092,463,93,0.014,,,,,,,,,,2026-07-03T02:11:55+02:00,"AMD Ryzen 9 3950X 16-Core Processor 32T",0.122,0,0,0,0,0,0,0,0
b_cap_nofix,B-n50-k8-40,50,1225,-12832,-12832,0,15.386,300,441,1497,173,451,145,0.021,17,86,0.132,954,143,0.026,,,,,,,,,,2026-07-03T02:12:11+02:00,"AMD Ryzen 9 3950X 16-Core Processor 32T",0.18,0,0.01,0,0,0,0,0,0
b_cap_nofix,B-n52-k7-15,52,1326,-74998,-74998,0,2.958,300,84,843,96,437,80,0.011,7,38,0.062,354,79,0.012,,,,,,,,,,2026-07-03T02:12:14+02:00,"AMD Ryzen 9 3950X 16-Core Processor 32T",0.083,0,0,0,0,0,0,0,0
b_cap_nofix,B-n57-k7-20,57,1596,-867154,-867154,0,2.595,300,3,875,98,824,83,0.015,0,21,0.076,6,81,0.017,,,,,,,,,,2026-07-03T02:12:17+02:00,"AMD Ryzen 9 3950X 16-Core Processor 32T",0.105,0,0,0,0,0,0,0,0
b_cap_nofix,B-n66-k9-50,66,2145,-26520,-26520,0,54.891,300,2149,3469,373,1440,337,0.116,9,146,0.435,1915,330,0.145,,,,,,,,,,2026-07-03T02:13:12+02:00,"AMD Ryzen 9 3950X 16-Core Processor 32T",0.598,0,0.082,0,0,0,0,0,0
b_cap_nofix,B-n67-k10-26,67,2211,-21924,-21924,0,2.785,300,9,1048,137,316,101,0.024,4,46,0.083,665,98,0.027,,,,,,,,,,2026-07-03T02:13:14+02:00,"AMD Ryzen 9 3950X 16-Core Processor 32T",0.115,0,0,0,0,0,0,0,0
b_cap_nofix,B-n68-k9-65,68,2278,-31001,-31001,0,34.921,300,905,2659,312,1175,264,0.07,6,102,0.276,1349,243,0.092,,,,,,,,,,2026-07-03T02:13:50+02:00,"AMD Ryzen 9 3950X 16-Core Processor 32T",0.39,0,0.037,0,0,0,0,0,0
b_cap_nofix,B-n78-k10-70,78,3003,-44333,-44333,0,23.006,300,110,1410,173,537,137,0.063,2,74,0.162,782,128,0.071,,,,,,,,,,2026-07-03T02:14:13+02:00,"AMD Ryzen 9 3950X 16-Core Processor 32T",0.235,0,0,0,0,0,0,0,0
b_cap_nofix,E-n101-k14-158,101,5050,-3590,-8267,1.303,300.034,300,4259,5793,686,2097,625,0.342,10,135,0.931,3594,614,0.577,,,,,,,,,,2026-07-03T02:19:13+02:00,"AMD Ryzen 9 3950X 16-Core Processor 32T",1.796,0.002,0.272,0,0,0,0,0,0
b_cap_nofix,E-n101-k8-291,101,5050,-4266,-4266,0,25.005,300,374,1369,184,824,132,0.114,4,54,0.189,471,117,0.138,,,,,,,,,,2026-07-03T02:19:38+02:00,"AMD Ryzen 9 3950X 16-Core Processor 32T",0.29,0,0.028,0,0,0,0,0,0
b_cap_nofix,E-n76-k10-72,76,2850,-25241,-25241,0,12.763,300,63,1000,142,361,95,0.035,2,47,0.117,563,89,0.045,,,,,,,,,,2026-07-03T02:19:51+02:00,"AMD Ryzen 9 3950X 16-Core Processor 32T",0.174,0,0,0,0,0,0,0,0
b_cap_nofix,E-n76-k14-102,76,2850,-1,-1,0,105.412,300,3632,7485,1032,3754,927,0.15,56,134,0.74,3578,835,0.251,,,,,,,,,,2026-07-03T02:21:37+02:00,"AMD Ryzen 9 3950X 16-Core Processor 32T",1.24,0.001,0.081,0,0,0,0,0,0
b_cap_nofix,E-n76-k15-40,76,2850,-1,-1,0,66.146,300,2237,4810,650,2317,568,0.091,34,85,0.455,2387,521,0.158,,,,,,,,,,2026-07-03T02:22:43+02:00,"AMD Ryzen 9 3950X 16-Core Processor 32T",0.768,0,0.054,0,0,0,0,0,0
b_cap_nofix,E-n76-k7-44,76,2850,-22214,-22214,0,6.718,300,27,976,116,359,97,0.052,5,63,0.125,576,93,0.06,,,,,,,,,,2026-07-03T02:22:50+02:00,"AMD Ryzen 9 3950X 16-Core Processor 32T",0.184,0,0,0,0,0,0,0,0
b_cap_nofix,G-n262-k25-316,262,34191,-1426535,-1426535,0,56.929,300,51,1605,193,1419,153,1.098,1,107,0.327,110,153,1.011,,,,,,,,,,2026-07-03T02:23:47+02:00,"AMD Ryzen 9 3950X 16-Core Processor 32T",1.403,0,0,0,0,0,0,0,0
b_cap_nofix,M-n101-k10-97,101,5050,-32628,-32628,0,18.652,300,641,1790,200,1302,170,0.108,0,53,0.169,398,169,0.107,,,,,,,,,,2026-07-03T02:24:06+02:00,"AMD Ryzen 9 3950X 16-Core Processor 32T",0.237,0,0.086,0,0,0,0,0,0
b_cap_nofix,M-n121-k7-260,121,7260,-160097,-160110,0,176.476,300,1385,3875,409,2629,381,0.787,0,215,0.685,1171,378,0.745,,,,,,,,,,2026-07-03T02:27:02+02:00,"AMD Ryzen 9 3950X 16-Core Processor 32T",1.273,0.001,0.379,0,0,0,0,0,0
b_cap_nofix,M-n151-k12-15,151,11325,-79530,-90265,0.135,300.057,300,5068,7960,851,5291,776,1.97,0,529,1.302,2444,773,1.778,,,,,,,,,,2026-07-03T02:32:03+02:00,"AMD Ryzen 9 3950X 16-Core Processor 32T",2.776,0.002,1.707,0,0,0,0,0,0
b_cap_nofix,M-n200-k16-143,200,19900,-198792,-198792,0,12.155,300,1,983,102,925,97,0.263,0,64,0.133,43,95,0.237,,,,,,,,,,2026-07-03T02:32:15+02:00,"AMD Ryzen 9 3950X 16-Core Processor 32T",0.352,0,0,0,0,0,0,0,0
b_cap_nofix,M-n200-k17-12,200,19900,-121210,-121218,0,294.922,300,4175,10305,1090,8000,1005,3.811,0,780,1.779,2050,1005,3.263,,,,,,,,,,2026-07-03T02:37:10+02:00,"AMD Ryzen 9 3950X 16-Core Processor 32T",4.779,0.002,1.485,0,0,0,0,0,0
b_cap_nofix,P-n101-k4-174,101,5050,-17702,-17702,0,16.503,300,120,1170,140,517,116,0.234,1,79,0.203,631,113,0.223,,,,,,,,,,2026-07-03T02:37:27+02:00,"AMD Ryzen 9 3950X 16-Core Processor 32T",0.429,0,0,0,0,0,0,0,0
b_cap_nofix,P-n50-k10-24,50,1225,-2965,-2965,0,7.393,300,143,853,148,281,89,0.008,2,24,0.086,483,89,0.014,,,,,,,,,,2026-07-03T02:37:34+02:00,"AMD Ryzen 9 3950X 16-Core Processor 32T",0.124,0,0,0,0,0,0,0,0
b_cap_nofix,P-n50-k7-92,50,1225,-2,-2,0,14.022,300,955,2437,356,1390,280,0.026,8,58,0.237,966,224,0.042,,,,,,,,,,2026-07-03T02:37:48+02:00,"AMD Ryzen 9 3950X 16-Core Processor 32T",0.338,0,0.016,0,0,0,0,0,0
b_cap_nofix,P-n50-k8-19,50,1225,-83307,-83307,0,1.392,300,19,550,69,324,53,0.004,2,9,0.034,195,53,0.006,,,,,,,,,,2026-07-03T02:37:50+02:00,"AMD Ryzen 9 3950X 16-Core Processor 32T",0.045,0,0,0,0,0,0,0,0
b_cap_nofix,P-n51-k10-30,51,1275,-2,-2,0,20.796,300,1707,2641,404,1272,334,0.023,12,52,0.239,1289,282,0.041,,,,,,,,,,2026-07-03T02:38:11+02:00,"AMD Ryzen 9 3950X 16-Core Processor 32T",0.354,0,0.026,0,0,0,0,0,0
b_cap_nofix,P-n55-k10-44,55,1485,-1090,-1090,0,21.45,300,1112,2268,349,1108,291,0.029,6,41,0.232,1072,220,0.046,,,,,,,,,,2026-07-03T02:38:32+02:00,"AMD Ryzen 9 3950X 16-Core Processor 32T",0.358,0,0.022,0,0,0,0,0,0
b_cap_nofix,P-n55-k15-88,55,1485,-2,-2,0,34.194,300,2656,2074,486,1066,370,0.016,23,35,0.186,930,281,0.033,,,,,,,,,,2026-07-03T02:39:07+02:00,"AMD Ryzen 9 3950X 16-Core Processor 32T",0.301,0,0.023,0,0,0,0,0,0
b_cap_nofix,P-n55-k7-116,55,1485,-17824,-17824,0,2.3,300,15,610,82,217,62,0.011,5,30,0.066,352,57,0.016,,,,,,,,,,2026-07-03T02:39:09+02:00,"AMD Ryzen 9 3950X 16-Core Processor 32T",0.097,0,0,0,0,0,0,0,0
b_cap_nofix,P-n55-k8-260,55,1485,-3573,-3573,0,8.851,300,208,914,127,296,89,0.017,2,43,0.095,535,80,0.021,,,,,,,,,,2026-07-03T02:39:18+02:00,"AMD Ryzen 9 3950X 16-Core Processor 32T",0.131,0,0.009,0,0,0,0,0,0
b_cap_nofix,P-n60-k10-24,60,1770,-15001,-15001,0,2.234,300,21,626,85,220,63,0.009,3,23,0.054,377,66,0.013,,,,,,,,,,2026-07-03T02:39:21+02:00,"AMD Ryzen 9 3950X 16-Core Processor 32T",0.082,0,0,0,0,0,0,0,0
b_cap_nofix,P-n60-k15-8,60,1770,-534,-534,0,24.057,300,1075,1658,297,730,230,0.018,15,30,0.155,845,181,0.034,,,,,,,,,,2026-07-03T02:39:45+02:00,"AMD Ryzen 9 3950X 16-Core Processor 32T",0.235,0,0.012,0,0,0,0,0,0
b_cap_nofix,P-n65-k10-102,65,2080,-3,-3,0,37.145,300,2143,4442,649,2516,543,0.073,15,84,0.438,1822,426,0.117,,,,,,,,,,2026-07-03T02:40:22+02:00,"AMD Ryzen 9 3950X 16-Core Processor 32T",0.697,0,0.048,0,0,0,0,0,0
b_cap_nofix,P-n70-k10-12,70,2415,-70317,-70317,0,1.116,300,1,633,72,292,62,0.012,0,41,0.043,314,60,0.014,,,,,,,,,,2026-07-03T02:40:23+02:00,"AMD Ryzen 9 3950X 16-Core Processor 32T",0.063,0,0,0,0,0,0,0,0
b_cap_nofix,P-n76-k4-41,76,2850,-88276,-88276,0,8.255,300,101,1375,149,880,133,0.107,0,101,0.186,450,133,0.092,,,,,,,,,,2026-07-03T02:40:32+02:00,"AMD Ryzen 9 3950X 16-Core Processor 32T",0.289,0,0,0,0,0,0,0,0
b_cap_nofix,P-n76-k5-16,76,2850,-107633,-107633,0,1.334,300,1,570,62,445,55,0.027,0,34,0.064,104,51,0.027,,,,,,,,,,2026-07-03T02:40:33+02:00,"AMD Ryzen 9 3950X 16-Core Processor 32T",0.101,0,0,0,0,0,0,0,0
b_cap_nofix,E-n101-k14_a,101,5050,-6.667,-6.667,0,101.198,300,1132,4791,529,1832,492,0.326,21,153,0.671,2898,486,0.418,,,,,,,,,,2026-07-03T02:42:15+02:00,"AMD Ryzen 9 3950X 16-Core Processor 32T",1.108,0,0.066,0,0,0,0,0,0
b_cap_nofix,E-n101-k14_b,101,5050,-0.001,-8.02,8019,300.017,300,5616,6579,811,2503,711,0.422,28,212,0.998,3924,684,0.608,,,,,,,,,,2026-07-03T02:47:15+02:00,"AMD Ryzen 9 3950X 16-Core Processor 32T",1.787,0.002,0.341,0,0,0,0,0,0
b_cap_nofix,E-n101-k8_a,101,5050,-23.977,-23.977,0,32.053,300,405,1499,180,522,137,0.164,1,90,0.197,847,137,0.153,,,,,,,,,,2026-07-03T02:47:47+02:00,"AMD Ryzen 9 3950X 16-Core Processor 32T",0.31,0,0.057,0,0,0,0,0,0
b_cap_nofix,E-n101-k8_b,101,5050,-18.738,-18.738,0,2.531,300,1,710,71,279,71,0.092,0,40,0.093,431,71,0.088,,,,,,,,,,2026-07-03T02:47:50+02:00,"AMD Ryzen 9 3950X 16-Core Processor 32T",0.157,0,0,0,0,0,0,0,0
b_cap_nofix,E-n76-k10_a,76,2850,-3.81,-3.81,0,50.121,300,1108,4010,491,1838,437,0.122,12,94,0.498,2092,404,0.189,,,,,,,,,,2026-07-03T02:48:40+02:00,"AMD Ryzen 9 3950X 16-Core Processor 32T",0.794,0,0.041,0,0,0,0,0,0
b_cap_nofix,E-n76-k10_b,76,2850,-8.138,-8.138,0,7.849,300,15,1014,118,180,99,0.041,3,62,0.118,786,99,0.047,,,,,,,,,,2026-07-03T02:48:48+02:00,"AMD Ryzen 9 3950X 16-Core Processor 32T",0.18,0,0,0,0,0,0,0,0
b_cap_nofix,E-n76-k14_a,76,2850,-3.788,-3.788,0,47.91,300,1290,3624,502,1658,429,0.071,28,68,0.384,1878,396,0.132,,,,,,,,,,2026-07-03T02:49:36+02:00,"AMD Ryzen 9 3950X 16-Core Processor 32T",0.622,0,0.031,0,0,0,0,0,0
b_cap_nofix,E-n76-k14_b,76,2850,-0.002,-0.002,0,117.92,300,4004,5100,783,2599,690,0.108,32,86,0.539,2385,552,0.184,,,,,,,,,,2026-07-03T02:51:34+02:00,"AMD Ryzen 9 3950X 16-Core Processor 32T",0.926,0.001,0.086,0,0,0,0,0,0
b_cap_nofix,E-n76-k7_a,76,2850,-6.032,-6.032,0,45.956,300,1506,4569,513,2419,467,0.222,15,168,0.618,2035,410,0.284,,,,,,,,,,2026-07-03T02:52:20+02:00,"AMD Ryzen 9 3950X 16-Core Processor 32T",0.966,0,0.14,0,0,0,0,0,0
b_cap_nofix,E-n76-k7_b,76,2850,-5.792,-5.792,0,5.95,300,7,991,110,308,104,0.058,6,55,0.138,665,98,0.068,,,,,,,,,,2026-07-03T02:52:26+02:00,"AMD Ryzen 9 3950X 16-Core Processor 32T",0.232,0,0,0,0,0,0,0,0
b_cap_nofix,E-n76-k8_a,76,2850,-6.635,-6.635,0,53.447,300,2040,4009,489,1730,426,0.177,8,163,0.566,2135,375,0.254,,,,,,,,,,2026-07-03T02:53:20+02:00,"AMD Ryzen 9 3950X 16-Core Processor 32T",0.905,0,0.111,0,0,0,0,0,0
b_cap_nofix,E-n76-k8_b,76,2850,-19.209,-19.209,0,1,300,1,490,49,139,49,0.029,0,33,0.055,351,49,0.028,,,,,,,,,,2026-07-03T02:53:21+02:00,"AMD Ryzen 9 3950X 16-Core Processor 32T",0.076,0,0,0,0,0,0,0,0
b_cap_nofix,F-n135-k7_a,135,9045,-13.856,-21.881,0.579,300.029,300,18891,8821,936,5989,859,1.584,31,513,1.318,2570,859,1.411,,,,,,,,,,2026-07-03T02:58:21+02:00,"AMD Ryzen 9 3950X 16-Core Processor 32T",2.211,0.003,10.555,0,0,0,0,0,0
b_cap_nofix,F-n45-k4_a,45,990,-13.714,-13.714,0,0.274,300,1,220,22,102,22,0.003,0,10,0.019,118,22,0.003,,,,,,,,,,2026-07-03T02:58:22+02:00,"AMD Ryzen 9 3950X 16-Core Processor 32T",0.025,0,0,0,0,0,0,0,0
b_cap_nofix,F-n72-k4_a,72,2556,0.005,0.005,0,1.724,300,13,641,72,410,64,0.026,4,36,0.071,203,60,0.027,,,,,,,,,,2026-07-03T02:58:24+02:00,"AMD Ryzen 9 3950X 16-Core Processor 32T",0.094,0,0,0,0,0,0,0,0
b_cap_nofix,M-n121-k7_a,121,7260,-11.979,-21.828,0.822,300.011,300,3709,6830,732,3544,665,1.547,35,427,1.207,3071,663,1.385,,,,,,,,,,2026-07-03T03:03:24+02:00,"AMD Ryzen 9 3950X 16-Core Processor 32T",2.308,0.001,0.855,0,0,0,0,0,0
b_cap_nofix,M-n121-k7_b,121,7260,-8.674,-21.716,1.504,300.032,300,5063,8382,919,4306,804,1.7,19,500,1.382,3712,804,1.589,,,,,,,,,,2026-07-03T03:08:24+02:00,"AMD Ryzen 9 3950X 16-Core Processor 32T",2.821,0.002,1.387,0,0,0,0,0,0
b_cap_nofix,M-n151-k12_a,151,11325,-2.759,-14.641,4.307,300.165,300,2268,3769,398,1272,368,0.99,10,186,0.672,2397,368,1.001,,,,,,,,,,2026-07-03T03:13:24+02:00,"AMD Ryzen 9 3950X 16-Core Processor 32T",1.863,0.001,0.826,0,0,0,0,0,0
b_cap_nofix,M-n151-k12_b,151,11325,-3.509,-13.811,2.936,300.083,300,1821,3271,369,955,316,0.821,11,183,0.571,2159,314,0.859,,,,,,,,,,2026-07-03T03:18:25+02:00,"AMD Ryzen 9 3950X 16-Core Processor 32T",1.634,0.001,0.731,0,0,0,0,0,0
b_cap_nofix,M-n200-k16_a,200,19900,1.528,-21.275,14.923,300.049,300,539,2485,273,481,238,1.033,2,153,0.438,1897,238,0.9,,,,,,,,,,2026-07-03T03:23:25+02:00,"AMD Ryzen 9 3950X 16-Core Processor 32T",1.674,0,0.202,0,0,0,0,0,0
b_cap_nofix,M-n200-k16_b,200,19900,1.465,-30.836,22.048,300.053,300,2303,5710,655,2657,535,1.981,0,394,0.926,2693,535,1.696,,,,,,,,,,2026-07-03T03:28:25+02:00,"AMD Ryzen 9 3950X 16-Core Processor 32T",2.567,0.002,0.987,0,0,0,0,0,0
b_cap_nofix,M-n200-k17_a,200,19900,-5.102,-21.962,3.305,300.047,300,504,2357,261,349,228,0.983,1,148,0.439,1947,235,0.88,,,,,,,,,,2026-07-03T03:33:25+02:00,"AMD Ryzen 9 3950X 16-Core Processor 32T",1.864,0.001,0.114,0,0,0,0,0,0
b_cap_nofix,M-n200-k17_b,200,19900,-0,-17.539,4.19671939352194e+15,300.138,300,1016,3010,315,842,295,1.265,3,174,0.541,2105,295,1.083,,,,,,,,,,2026-07-03T03:38:26+02:00,"AMD Ryzen 9 3950X 16-Core Processor 32T",1.828,0.001,0.53,0,0,0,0,0,0
b_cap_nofix,P-n101-k4_a,101,5050,-7.219,-7.219,0,21.7,300,166,1105,131,525,108,0.188,3,58,0.175,526,95,0.197,,,,,,,,,,2026-07-03T03:38:47+02:00,"AMD Ryzen 9 3950X 16-Core Processor 32T",0.39,0,0,0,0,0,0,0,0
b_cap_nofix,P-n101-k4_b,101,5050,-13.17,-13.17,0,1.187,300,1,400,40,300,40,0.068,0,16,0.059,100,40,0.061,,,,,,,,,,2026-07-03T03:38:49+02:00,"AMD Ryzen 9 3950X 16-Core Processor 32T",0.101,0,0,0,0,0,0,0,0
b_cap_nofix,P-n70-k10_a,70,2415,-2.852,-2.852,0,34.778,300,1352,3735,468,1829,403,0.078,17,77,0.408,1804,377,0.125,,,,,,,,,,2026-07-03T03:39:24+02:00,"AMD Ryzen 9 3950X 16-Core Processor 32T",0.611,0,0.04,0,0,0,0,0,0
b_cap_nofix,P-n70-k10_b,70,2415,-2.477,-2.477,0,18.138,300,197,1598,237,627,178,0.035,6,38,0.189,844,160,0.06,,,,,,,,,,2026-07-03T03:39:42+02:00,"AMD Ryzen 9 3950X 16-Core Processor 32T",0.301,0,0,0,0,0,0,0,0
b_cap_nofix,P-n76-k4_a,76,2850,-2.903,-2.903,0,18.756,300,1484,2345,274,1467,233,0.13,5,69,0.335,789,190,0.168,,,,,,,,,,2026-07-03T03:40:01+02:00,"AMD Ryzen 9 3950X 16-Core Processor 32T",0.513,0,0.279,0,0,0,0,0,0
b_cap_nofix,P-n76-k4_b,76,2850,-13.164,-13.164,0,0.787,300,1,410,41,125,41,0.037,0,25,0.056,285,41,0.033,,,,,,,,,,2026-07-03T03:40:02+02:00,"AMD Ryzen 9 3950X 16-Core Processor 32T",0.077,0,0,0,0,0,0,0,0
b_cap_nofix,P-n76-k5_a,76,2850,-3.96,-3.96,0,27.672,300,1083,3845,424,2466,385,0.186,14,129,0.512,1283,351,0.236,,,,,,,,,,2026-07-03T03:40:30+02:00,"AMD Ryzen 9 3950X 16-Core Processor 32T",0.771,0,0.154,0,0,0,0,0,0
b_cap_nofix,P-n76-k5_b,76,2850,-13.64,-13.64,0,0.9,300,1,450,45,141,45,0.036,0,33,0.058,309,45,0.035,,,,,,,,,,2026-07-03T03:40:31+02:00,"AMD Ryzen 9 3950X 16-Core Processor 32T",0.082,0,0,0,0,0,0,0,0
c_combrglm,A-n54-k7-149,54,1431,-12492,-12492,0,12.538,300,156,1478,169,563,149,0.025,3,54,0.144,852,136,0.03,0,8,0.023,0,0,0.002,,,,2026-07-03T03:40:43+02:00,"AMD Ryzen 9 3950X 16-Core Processor 32T",0.207,0.011,0,0.009,0,0,0,0,0
c_combrglm,A-n60-k9-57,60,1770,-1000,-1000,0,79.254,300,4943,5848,741,3349,683,0.09,28,123,0.61,2349,540,0.137,4,10,0.106,0,0,0.012,,,,2026-07-03T03:42:03+02:00,"AMD Ryzen 9 3950X 16-Core Processor 32T",0.932,0.041,0.148,0,0,0,0,0,0
c_combrglm,A-n61-k9-80,61,1830,-23549,-23549,0,11.41,300,144,1287,182,527,135,0.022,3,42,0.127,679,109,0.032,0,1,0.024,0,0,0.002,,,,2026-07-03T03:42:14+02:00,"AMD Ryzen 9 3950X 16-Core Processor 32T",0.191,0.004,0,0.001,0,0,0,0,0
c_combrglm,A-n62-k8-99,62,1891,-35969,-35969,0,27.348,300,711,2197,242,617,214,0.066,7,115,0.271,1509,214,0.077,4,20,0.06,0,0,0.003,,,,2026-07-03T03:42:42+02:00,"AMD Ryzen 9 3950X 16-Core Processor 32T",0.384,0.042,0.048,0.034,0,0,0,0,0
c_combrglm,A-n63-k10-44,63,1953,-32561,-32561,0,5.367,300,29,887,104,212,89,0.021,0,45,0.085,631,84,0.022,1,4,0.016,0,0,0.001,,,,2026-07-03T03:42:47+02:00,"AMD Ryzen 9 3950X 16-Core Processor 32T",0.122,0.092,0,0.091,0,0,0,0,0
c_combrglm,A-n63-k9-157,63,1953,-24189,-24189,0,9.665,300,23,995,132,311,110,0.024,0,50,0.101,657,93,0.028,0,4,0.02,0,0,0.001,,,,2026-07-03T03:42:57+02:00,"AMD Ryzen 9 3950X 16-Core Processor 32T",0.154,0.001,0,0,0,0,0,0,0
c_combrglm,A-n64-k9-45,64,2016,-50550,-50550,0,25.86,300,587,1895,209,747,188,0.057,0,79,0.204,1088,182,0.064,0,12,0.045,0,0,0.003,,,,2026-07-03T03:43:23+02:00,"AMD Ryzen 9 3950X 16-Core Processor 32T",0.297,0.021,0.017,0.015,0,0,0,0,0
c_combrglm,A-n65-k9-10,65,2080,-42835,-42835,0,6.334,300,9,1135,157,434,124,0.025,2,46,0.122,642,104,0.038,0,2,0.024,0,0,0.002,,,,2026-07-03T03:43:30+02:00,"AMD Ryzen 9 3950X 16-Core Processor 32T",0.185,0.002,0,0.001,0,0,0,0,0
c_combrglm,A-n69-k9-42,69,2346,-43290,-43290,0,4.01,300,5,970,116,272,93,0.03,2,49,0.102,661,95,0.034,0,5,0.024,0,0,0.001,,,,2026-07-03T03:43:34+02:00,"AMD Ryzen 9 3950X 16-Core Processor 32T",0.146,0.017,0,0.016,0,0,0,0,0
c_combrglm,A-n80-k10-14,80,3160,-105283,-105283,0,50.808,300,2850,5595,612,2557,537,0.263,0,393,0.565,2813,536,0.253,0,25,0.18,0,0,0.006,,,,2026-07-03T03:44:25+02:00,"AMD Ryzen 9 3950X 16-Core Processor 32T",0.798,0.046,0.171,0.015,0,0,0,0,0
c_combrglm,B-n45-k6-54,45,990,-74278,-74278,0,5.472,300,171,1080,131,548,110,0.011,9,47,0.093,463,93,0.015,0,1,0.009,0,0,0.002,,,,2026-07-03T03:44:31+02:00,"AMD Ryzen 9 3950X 16-Core Processor 32T",0.124,0.002,0,0.001,0,0,0,0,0
c_combrglm,B-n50-k8-40,50,1225,-12832,-12832,0,15.04,300,441,1497,173,451,145,0.021,17,86,0.139,954,143,0.026,0,12,0.019,0,0,0.002,,,,2026-07-03T03:44:46+02:00,"AMD Ryzen 9 3950X 16-Core Processor 32T",0.189,0.006,0.011,0.003,0,0,0,0,0
c_combrglm,B-n52-k7-15,52,1326,-74998,-74998,0,2.984,300,84,843,96,437,80,0.011,7,38,0.062,354,79,0.012,0,3,0.008,0,0,0.001,,,,2026-07-03T03:44:49+02:00,"AMD Ryzen 9 3950X 16-Core Processor 32T",0.083,0.003,0,0.003,0,0,0,0,0
c_combrglm,B-n57-k7-20,57,1596,-867154,-867154,0,2.764,300,3,875,98,824,83,0.014,0,21,0.079,6,81,0.018,0,1,0.011,0,0,0.001,,,,2026-07-03T03:44:52+02:00,"AMD Ryzen 9 3950X 16-Core Processor 32T",0.11,0.084,0,0.084,0,0,0,0,0
c_combrglm,B-n66-k9-50,66,2145,-26520,-26520,0,46.848,300,1660,3051,330,1154,295,0.104,7,140,0.382,1783,294,0.129,2,12,0.087,0,0,0.005,,,,2026-07-03T03:45:39+02:00,"AMD Ryzen 9 3950X 16-Core Processor 32T",0.522,0.013,0.062,0.002,0,0,0,0,0
c_combrglm,B-n67-k10-26,67,2211,-21924,-21924,0,2.832,300,9,1048,137,315,101,0.023,4,46,0.085,665,98,0.026,1,7,0.019,0,0,0.001,,,,2026-07-03T03:45:42+02:00,"AMD Ryzen 9 3950X 16-Core Processor 32T",0.119,0.001,0,0,0,0,0,0,0
c_combrglm,B-n68-k9-65,68,2278,-31001,-31001,0,34.951,300,905,2659,312,1175,264,0.068,6,102,0.272,1349,243,0.088,0,9,0.066,0,0,0.004,,,,2026-07-03T03:46:17+02:00,"AMD Ryzen 9 3950X 16-Core Processor 32T",0.389,0.025,0.036,0.015,0,0,0,0,0
c_combrglm,B-n78-k10-70,78,3003,-44333,-44333,0,23.302,300,110,1410,173,537,137,0.063,2,74,0.162,782,128,0.071,0,0,0.051,0,0,0.002,,,,2026-07-03T03:46:40+02:00,"AMD Ryzen 9 3950X 16-Core Processor 32T",0.238,0.005,0,0.001,0,0,0,0,0
c_combrglm,E-n101-k14-158,101,5050,-3586,-8366,1.333,300.039,300,4304,8854,985,3588,930,0.527,33,197,1.295,5110,903,0.784,9,13,0.614,0,0,0.035,,,,2026-07-03T03:51:41+02:00,"AMD Ryzen 9 3950X 16-Core Processor 32T",2.361,0.12,0.297,0.044,0,0,0,0,0
c_combrglm,E-n101-k8-291,101,5050,-4266,-4266,0,28.313,300,535,1511,207,822,143,0.127,7,62,0.21,579,124,0.147,1,6,0.109,0,0,0.005,,,,2026-07-03T03:52:09+02:00,"AMD Ryzen 9 3950X 16-Core Processor 32T",0.317,0.014,0.066,0.005,0,0,0,0,0
c_combrglm,E-n76-k10-72,76,2850,-25241,-25241,0,13.073,300,64,1039,147,392,100,0.036,2,47,0.127,568,91,0.047,3,5,0.036,0,0,0.002,,,,2026-07-03T03:52:22+02:00,"AMD Ryzen 9 3950X 16-Core Processor 32T",0.186,0.005,0,0.003,0,0,0,0,0
c_combrglm,E-n76-k14-102,76,2850,-1,-1,0,85.363,300,2607,6843,948,3545,859,0.128,54,109,0.666,3202,776,0.21,12,6,0.167,0,0,0.017,,,,2026-07-03T03:53:48+02:00,"AMD Ryzen 9 3950X 16-Core Processor 32T",1.127,0.035,0.063,0.002,0,3,0,0,0
c_combrglm,E-n76-k15-40,76,2850,-1,-1,0,94.952,300,3179,5707,845,2859,734,0.113,30,83,0.632,2724,650,0.21,0,4,0.161,0,0,0.016,,,,2026-07-03T03:55:23+02:00,"AMD Ryzen 9 3950X 16-Core Processor 32T",1.109,0.04,0.082,0.002,0,3,0,0,0
c_combrglm,E-n76-k7-44,76,2850,-22214,-22214,0,6.037,300,21,949,114,356,97,0.054,5,62,0.129,563,95,0.06,1,14,0.044,0,0,0.002,,,,2026-07-03T03:55:29+02:00,"AMD Ryzen 9 3950X 16-Core Processor 32T",0.193,0.091,0,0.09,0,0,0,0,0
c_combrglm,G-n262-k25-316,262,34191,-1426535,-1426535,0,57.296,300,51,1605,193,1419,153,1.103,1,107,0.33,110,153,1.042,0,1,0.805,0,0,0.024,,,,2026-07-03T03:56:27+02:00,"AMD Ryzen 9 3950X 16-Core Processor 32T",1.431,0,0,0,0,0,0,0,0
c_combrglm,M-n101-k10-97,101,5050,-32628,-32628,0,18.671,300,641,1790,200,1302,170,0.105,0,53,0.174,398,169,0.103,0,2,0.069,0,0,0.003,,,,2026-07-03T03:56:46+02:00,"AMD Ryzen 9 3950X 16-Core Processor 32T",0.242,0.015,0.089,0.004,0,0,0,0,0
c_combrglm,M-n121-k7-260,121,7260,-160097,-160110,0,178.455,300,1385,3875,409,2629,381,0.797,0,215,0.68,1171,378,0.742,0,40,0.624,0,0,0.016,,,,2026-07-03T03:59:44+02:00,"AMD Ryzen 9 3950X 16-Core Processor 32T",1.301,0.6,0.388,0.571,0,0,0,0,0
c_combrglm,M-n151-k12-15,151,11325,-79996,-86472,0.081,300.049,300,6130,10514,1107,7279,1030,2.528,0,704,1.744,3010,1026,2.277,0,38,1.82,0,0,0.049,,,,2026-07-03T04:04:45+02:00,"AMD Ryzen 9 3950X 16-Core Processor 32T",3.555,0.284,1.991,0.121,0,0,0,4099,0
c_combrglm,M-n200-k16-143,200,19900,-198792,-198792,0,11.884,300,1,983,102,925,97,0.253,0,64,0.129,43,95,0.224,0,0,0.177,0,0,0.006,,,,2026-07-03T04:04:57+02:00,"AMD Ryzen 9 3950X 16-Core Processor 32T",0.341,0.076,0,0.076,0,0,0,0,0
c_combrglm,M-n200-k17-12,200,19900,-121210,-121218,0,289.222,300,4175,10305,1090,8000,1005,3.82,0,780,1.767,2050,1005,3.255,0,31,2.583,0,0,0.047,,,,2026-07-03T04:09:46+02:00,"AMD Ryzen 9 3950X 16-Core Processor 32T",4.841,0.52,1.484,0.343,0,0,0,819,0
c_combrglm,P-n101-k4-174,101,5050,-17702,-17702,0,16.638,300,120,1170,140,517,116,0.226,1,79,0.201,631,113,0.218,0,11,0.18,0,0,0.004,,,,2026-07-03T04:10:03+02:00,"AMD Ryzen 9 3950X 16-Core Processor 32T",0.434,0.136,0,0.133,0,0,0,0,0
c_combrglm,P-n50-k10-24,50,1225,-2965,-2965,0,10.79,300,394,1133,204,418,142,0.011,5,23,0.118,606,123,0.019,0,2,0.014,0,0,0.002,,,,2026-07-03T04:10:14+02:00,"AMD Ryzen 9 3950X 16-Core Processor 32T",0.173,0.005,0.004,0.001,0,2,0,0,0
c_combrglm,P-n50-k7-92,50,1225,-2,-2,0,12.489,300,836,2210,325,1185,251,0.024,14,57,0.222,931,197,0.038,6,11,0.027,0,0,0.004,,,,2026-07-03T04:10:26+02:00,"AMD Ryzen 9 3950X 16-Core Processor 32T",0.321,0.007,0.015,0.003,0,0,0,0,0
c_combrglm,P-n50-k8-19,50,1225,-83307,-83307,0,1.428,300,19,550,69,324,53,0.005,2,9,0.033,195,53,0.006,0,1,0.004,0,0,0,,,,2026-07-03T04:10:28+02:00,"AMD Ryzen 9 3950X 16-Core Processor 32T",0.046,0.001,0,0,0,0,0,0,0
c_combrglm,P-n51-k10-30,51,1275,-2,-2,0,20.856,300,1707,2641,404,1271,334,0.023,12,52,0.238,1289,282,0.04,1,4,0.028,0,0,0.004,,,,2026-07-03T04:10:49+02:00,"AMD Ryzen 9 3950X 16-Core Processor 32T",0.358,0.011,0.029,0,0,0,0,0,0
c_combrglm,P-n55-k10-44,55,1485,-1090,-1090,0,20.52,300,1009,2066,319,949,268,0.027,7,43,0.219,1028,199,0.043,0,4,0.034,0,0,0.004,,,,2026-07-03T04:11:10+02:00,"AMD Ryzen 9 3950X 16-Core Processor 32T",0.344,0.008,0.02,0.001,0,1,0,0,0
c_combrglm,P-n55-k15-88,55,1485,-2,-2,0,35.345,300,2799,1959,461,1003,345,0.015,23,35,0.185,870,271,0.031,0,0,0.023,0,0,0.004,,,,2026-07-03T04:11:45+02:00,"AMD Ryzen 9 3950X 16-Core Processor 32T",0.298,0.022,0.026,0,0,54,0,0,0
c_combrglm,P-n55-k7-116,55,1485,-17824,-17824,0,2.312,300,15,610,82,216,62,0.011,5,30,0.066,352,57,0.015,1,5,0.01,0,0,0.001,,,,2026-07-03T04:11:48+02:00,"AMD Ryzen 9 3950X 16-Core Processor 32T",0.098,0.001,0,0.001,0,0,0,0,0
c_combrglm,P-n55-k8-260,55,1485,-3573,-3573,0,11.277,300,315,1114,149,451,110,0.02,1,47,0.109,581,99,0.023,0,8,0.018,0,0,0.001,,,,2026-07-03T04:11:59+02:00,"AMD Ryzen 9 3950X 16-Core Processor 32T",0.153,0.007,0.003,0.004,0,1,0,0,0
c_combrglm,P-n60-k10-24,60,1770,-15001,-15001,0,2.236,300,21,626,85,216,63,0.009,3,23,0.056,377,66,0.013,4,3,0.009,0,0,0.001,,,,2026-07-03T04:12:02+02:00,"AMD Ryzen 9 3950X 16-Core Processor 32T",0.084,0,0,0,0,0,0,0,0
c_combrglm,P-n60-k15-8,60,1770,-534,-534,0,23.188,300,934,1422,287,624,218,0.015,14,35,0.153,714,160,0.03,0,1,0.023,0,0,0.003,,,,2026-07-03T04:12:25+02:00,"AMD Ryzen 9 3950X 16-Core Processor 32T",0.238,0.009,0.012,0.001,0,1,0,0,0
c_combrglm,P-n65-k10-102,65,2080,-3,-3,0,36.923,300,2335,4316,626,2329,510,0.068,23,98,0.432,1854,415,0.11,7,11,0.085,0,0,0.009,,,,2026-07-03T04:13:02+02:00,"AMD Ryzen 9 3950X 16-Core Processor 32T",0.673,0.021,0.061,0.002,0,0,0,0,0
c_combrglm,P-n70-k10-12,70,2415,-70317,-70317,0,1.152,300,1,633,72,292,62,0.012,0,41,0.045,314,60,0.015,0,2,0.009,0,0,0.001,,,,2026-07-03T04:13:03+02:00,"AMD Ryzen 9 3950X 16-Core Processor 32T",0.066,0.002,0,0.002,0,0,0,0,0
c_combrglm,P-n76-k4-41,76,2850,-88276,-88276,0,8.232,300,101,1375,149,880,133,0.103,0,101,0.189,450,133,0.093,0,19,0.072,0,0,0.002,,,,2026-07-03T04:13:12+02:00,"AMD Ryzen 9 3950X 16-Core Processor 32T",0.294,0.013,0,0.012,0,0,0,0,0
c_combrglm,P-n76-k5-16,76,2850,-107633,-107633,0,1.327,300,1,570,62,445,55,0.027,0,34,0.067,104,51,0.026,0,5,0.02,0,0,0.001,,,,2026-07-03T04:13:13+02:00,"AMD Ryzen 9 3950X 16-Core Processor 32T",0.103,0.003,0,0.003,0,0,0,0,0
c_combrglm,E-n101-k14_a,101,5050,-6.667,-6.667,0,101.116,300,885,5004,566,1802,523,0.325,18,140,0.731,3138,519,0.458,4,12,0.369,0,0,0.017,,,,2026-07-03T04:14:55+02:00,"AMD Ryzen 9 3950X 16-Core Processor 32T",1.265,0.028,0.047,0.008,0,0,0,0,0
c_combrglm,E-n101-k14_b,101,5050,-0.002,-3.112,1555,300.131,300,4829,14169,1601,6961,1496,0.729,63,302,1.743,7003,1444,1.002,13,14,0.776,0,0,0.054,,,,2026-07-03T04:19:55+02:00,"AMD Ryzen 9 3950X 16-Core Processor 32T",3.1,0.134,0.291,0.046,0,0,0,0,0
c_combrglm,E-n101-k8_a,101,5050,-23.977,-23.977,0,32.284,300,405,1499,180,522,137,0.167,1,90,0.199,847,137,0.163,0,7,0.116,0,0,0.003,,,,2026-07-03T04:20:27+02:00,"AMD Ryzen 9 3950X 16-Core Processor 32T",0.322,0.016,0.055,0.004,0,0,0,0,0
c_combrglm,E-n101-k8_b,101,5050,-18.738,-18.738,0,2.634,300,1,710,71,279,71,0.094,0,40,0.094,431,71,0.087,0,7,0.063,0,0,0.001,,,,2026-07-03T04:20:30+02:00,"AMD Ryzen 9 3950X 16-Core Processor 32T",0.157,0,0,0,0,0,0,0,0
c_combrglm,E-n76-k10_a,76,2850,-3.81,-3.81,0,53.099,300,1510,5566,696,2585,618,0.159,18,116,0.711,2856,562,0.26,4,13,0.202,0,0,0.014,,,,2026-07-03T04:21:23+02:00,"AMD Ryzen 9 3950X 16-Core Processor 32T",1.15,0.017,0.072,0.001,0,0,0,0,0
c_combrglm,E-n76-k10_b,76,2850,-8.138,-8.138,0,7.749,300,15,1014,118,180,99,0.039,3,62,0.117,786,99,0.049,0,6,0.035,0,0,0.001,,,,2026-07-03T04:21:31+02:00,"AMD Ryzen 9 3950X 16-Core Processor 32T",0.18,0.022,0,0.022,0,0,0,0,0
c_combrglm,E-n76-k14_a,76,2850,-3.788,-3.788,0,54.056,300,1454,3243,458,1427,393,0.075,14,63,0.375,1730,341,0.128,5,6,0.095,0,0,0.007,,,,2026-07-03T04:22:26+02:00,"AMD Ryzen 9 3950X 16-Core Processor 32T",0.616,0.017,0.034,0.001,0,1,0,0,0
c_combrglm,E-n76-k14_b,76,2850,-0.002,-0.002,0,102.171,300,3259,5226,776,2628,683,0.106,25,85,0.564,2503,572,0.185,2,6,0.142,0,0,0.014,,,,2026-07-03T04:24:08+02:00,"AMD Ryzen 9 3950X 16-Core Processor 32T",0.98,0.04,0.079,0.002,0,14,0,0,0
c_combrglm,E-n76-k7_a,76,2850,-6.032,-6.032,0,69.835,300,2982,7702,896,4653,812,0.317,16,205,1.057,2866,694,0.438,9,37,0.338,0,0,0.022,,,,2026-07-03T04:25:18+02:00,"AMD Ryzen 9 3950X 16-Core Processor 32T",1.711,0.046,0.335,0.02,0,0,0,0,0
c_combrglm,E-n76-k7_b,76,2850,-5.792,-5.792,0,8.9,300,19,1011,125,306,99,0.058,6,55,0.136,631,96,0.069,3,10,0.051,0,0,0.002,,,,2026-07-03T04:25:27+02:00,"AMD Ryzen 9 3950X 16-Core Processor 32T",0.219,0.011,0,0.01,0,0,0,0,0
c_combrglm,E-n76-k8_a,76,2850,-6.635,-6.635,0,58.907,300,2260,4432,559,2086,481,0.191,5,158,0.624,2192,417,0.266,1,18,0.198,0,0,0.012,,,,2026-07-03T04:26:26+02:00,"AMD Ryzen 9 3950X 16-Core Processor 32T",1.028,0.024,0.13,0.001,0,0,0,0,0
c_combrglm,E-n76-k8_b,76,2850,-19.209,-19.209,0,1.036,300,1,490,49,139,49,0.031,0,33,0.057,351,49,0.031,0,5,0.019,0,0,0.001,,,,2026-07-03T04:26:27+02:00,"AMD Ryzen 9 3950X 16-Core Processor 32T",0.078,0,0,0,0,0,0,0,0
c_combrglm,F-n135-k7_a,135,9045,-13.856,-19.17,0.384,300.021,300,15130,10500,1113,7343,1023,2.185,10,759,1.616,2875,1023,1.914,2,99,1.594,0,0,0.029,,,,2026-07-03T04:31:27+02:00,"AMD Ryzen 9 3950X 16-Core Processor 32T",3.075,1.857,9.228,1.579,0,0,0,0,0
c_combrglm,F-n45-k4_a,45,990,-13.714,-13.714,0,0.279,300,1,220,22,102,22,0.003,0,10,0.02,118,22,0.003,0,9,0.003,0,0,0,,,,2026-07-03T04:31:28+02:00,"AMD Ryzen 9 3950X 16-Core Processor 32T",0.026,0,0,0,0,0,0,0,0
c_combrglm,F-n72-k4_a,72,2556,0.005,0.005,0,1.789,300,13,641,72,410,64,0.027,4,36,0.077,203,60,0.028,0,4,0.019,0,0,0.001,,,,2026-07-03T04:31:30+02:00,"AMD Ryzen 9 3950X 16-Core Processor 32T",0.101,0.011,0,0.01,0,0,0,0,0
c_combrglm,M-n121-k7_a,121,7260,-11.979,-21.909,0.829,300.116,300,3979,6290,693,3301,602,1.363,31,375,1.083,2687,601,1.248,1,68,1.015,0,0,0.026,,,,2026-07-03T04:36:30+02:00,"AMD Ryzen 9 3950X 16-Core Processor 32T",2.099,1.023,0.94,0.946,0,0,0,0,0
c_combrglm,M-n121-k7_b,121,7260,-8.674,-21.609,1.491,300.053,300,5149,8042,885,4115,770,1.539,19,452,1.312,3560,768,1.443,3,92,1.221,0,0,0.034,,,,2026-07-03T04:41:30+02:00,"AMD Ryzen 9 3950X 16-Core Processor 32T",2.632,0.172,1.303,0.047,0,0,0,0,0
c_combrglm,M-n151-k12_a,151,11325,-3.25,-15.988,3.919,300.066,300,1925,3073,329,760,299,0.779,5,152,0.545,2213,298,0.831,5,13,0.669,0,0,0.016,,,,2026-07-03T04:46:31+02:00,"AMD Ryzen 9 3950X 16-Core Processor 32T",1.688,0.117,0.754,0.051,0,0,0,0,0
c_combrglm,M-n151-k12_b,151,11325,-3.509,-13.811,2.936,300.07,300,1784,3271,369,955,316,0.815,11,183,0.569,2159,314,0.876,0,5,0.683,0,0,0.017,,,,2026-07-03T04:51:31+02:00,"AMD Ryzen 9 3950X 16-Core Processor 32T",1.659,0.082,0.716,0.005,0,0,0,0,0
c_combrglm,M-n200-k16_a,200,19900,1.528,-21.275,14.923,300.075,300,574,2485,273,481,238,1.031,2,153,0.435,1897,238,0.902,0,3,0.711,0,0,0.014,,,,2026-07-03T04:56:31+02:00,"AMD Ryzen 9 3950X 16-Core Processor 32T",1.677,0.039,0.209,0.006,0,0,0,0,0
c_combrglm,M-n200-k16_b,200,19900,1.465,-30.836,22.048,300.225,300,2303,5710,655,2657,535,1.992,0,394,0.93,2693,535,1.704,0,16,1.351,0,0,0.025,,,,2026-07-03T05:01:32+02:00,"AMD Ryzen 9 3950X 16-Core Processor 32T",2.59,0.155,0.967,0.002,0,0,0,0,0
c_combrglm,M-n200-k17_a,200,19900,-5.102,-22.339,3.378,300.057,300,480,2390,267,348,231,0.99,0,152,0.425,1948,231,0.895,2,12,0.698,0,0,0.011,,,,2026-07-03T05:06:32+02:00,"AMD Ryzen 9 3950X 16-Core Processor 32T",1.832,0.283,0.201,0.256,0,0,0,0,0
c_combrglm,M-n200-k17_b,200,19900,-0,-17.539,4.19671939352194e+15,300.153,300,1015,2890,303,775,283,1.212,3,165,0.518,2052,283,1.073,0,6,0.847,0,0,0.017,,,,2026-07-03T05:11:32+02:00,"AMD Ryzen 9 3950X 16-Core Processor 32T",1.797,0.063,0.537,0.005,0,0,0,0,0
c_combrglm,P-n101-k4_a,101,5050,-7.219,-7.219,0,21.979,300,166,1105,131,525,108,0.182,3,58,0.176,525,95,0.201,1,23,0.175,0,0,0.004,,,,2026-07-03T05:11:54+02:00,"AMD Ryzen 9 3950X 16-Core Processor 32T",0.407,0.029,0,0.024,0,0,0,0,0
c_combrglm,P-n101-k4_b,101,5050,-13.17,-13.17,0,1.234,300,1,400,40,300,40,0.067,0,16,0.061,100,40,0.068,0,4,0.043,0,0,0.001,,,,2026-07-03T05:11:56+02:00,"AMD Ryzen 9 3950X 16-Core Processor 32T",0.104,0,0,0,0,0,0,0,0
c_combrglm,P-n70-k10_a,70,2415,-2.852,-2.852,0,35.919,300,1389,3838,490,1956,421,0.075,28,89,0.408,1771,388,0.123,1,11,0.094,0,0,0.008,,,,2026-07-03T05:12:32+02:00,"AMD Ryzen 9 3950X 16-Core Processor 32T",0.621,0.012,0.046,0.001,0,0,0,0,0
c_combrglm,P-n70-k10_b,70,2415,-2.477,-2.477,0,18.3,300,210,1633,237,647,188,0.036,8,39,0.203,879,160,0.062,0,2,0.045,0,0,0.003,,,,2026-07-03T05:12:50+02:00,"AMD Ryzen 9 3950X 16-Core Processor 32T",0.315,0.004,0.008,0,0,0,0,0,0
c_combrglm,P-n76-k4_a,76,2850,-2.903,-2.903,0,19.299,300,1631,2474,287,1585,248,0.142,5,85,0.355,796,195,0.173,4,26,0.139,0,0,0.008,,,,2026-07-03T05:13:10+02:00,"AMD Ryzen 9 3950X 16-Core Processor 32T",0.54,0.015,0.367,0.003,0,0,0,0,0
c_combrglm,P-n76-k4_b,76,2850,-13.164,-13.164,0,0.785,300,1,410,41,125,41,0.037,0,25,0.055,285,41,0.034,0,8,0.027,0,0,0.001,,,,2026-07-03T05:13:11+02:00,"AMD Ryzen 9 3950X 16-Core Processor 32T",0.078,0,0,0,0,0,0,0,0
c_combrglm,P-n76-k5_a,76,2850,-3.96,-3.96,0,28.295,300,997,4178,462,2718,426,0.198,11,134,0.587,1364,381,0.274,1,29,0.219,0,0,0.013,,,,2026-07-03T05:13:39+02:00,"AMD Ryzen 9 3950X 16-Core Processor 32T",0.921,0.013,0.175,0.005,0,0,0,0,0
c_combrglm,P-n76-k5_b,76,2850,-13.64,-13.64,0,0.89,300,1,450,45,141,45,0.041,0,33,0.059,309,45,0.033,0,5,0.024,0,0,0.001,,,,2026-07-03T05:13:40+02:00,"AMD Ryzen 9 3950X 16-Core Processor 32T",0.083,0,0,0,0,0,0,0,0
d_nofix,A-n54-k7-149,54,1431,-12492,-12492,0,12.578,300,156,1478,169,563,149,0.023,3,54,0.145,852,136,0.031,0,8,0.023,0,0,0.002,,,,2026-07-03T05:13:53+02:00,"AMD Ryzen 9 3950X 16-Core Processor 32T",0.209,0,0,0,0,0,0,0,0
d_nofix,A-n60-k9-57,60,1770,-1000,-1000,0,78.288,300,4943,5848,741,3349,683,0.088,28,123,0.609,2349,540,0.138,4,10,0.106,0,0,0.012,,,,2026-07-03T05:15:12+02:00,"AMD Ryzen 9 3950X 16-Core Processor 32T",0.929,0.001,0.146,0,0,0,0,0,0
d_nofix,A-n61-k9-80,61,1830,-23549,-23549,0,11.211,300,144,1287,182,527,135,0.023,3,42,0.129,679,109,0.031,0,1,0.023,0,0,0.002,,,,2026-07-03T05:15:23+02:00,"AMD Ryzen 9 3950X 16-Core Processor 32T",0.193,0,0,0,0,0,0,0,0
d_nofix,A-n62-k8-99,62,1891,-35969,-35969,0,27.175,300,711,2197,242,617,214,0.067,7,115,0.267,1509,214,0.075,4,20,0.057,0,0,0.003,,,,2026-07-03T05:15:50+02:00,"AMD Ryzen 9 3950X 16-Core Processor 32T",0.379,0,0.046,0,0,0,0,0,0
d_nofix,A-n63-k10-44,63,1953,-32561,-32561,0,5.325,300,29,887,104,212,89,0.021,0,45,0.091,631,84,0.023,1,4,0.017,0,0,0.001,,,,2026-07-03T05:15:56+02:00,"AMD Ryzen 9 3950X 16-Core Processor 32T",0.129,0,0,0,0,0,0,0,0
d_nofix,A-n63-k9-157,63,1953,-24189,-24189,0,11.456,300,46,1034,141,308,104,0.023,1,55,0.104,675,96,0.028,1,6,0.02,0,0,0.001,,,,2026-07-03T05:16:07+02:00,"AMD Ryzen 9 3950X 16-Core Processor 32T",0.159,0,0,0,0,0,0,0,0
d_nofix,A-n64-k9-45,64,2016,-50550,-50550,0,26.092,300,587,1895,209,747,188,0.054,0,79,0.204,1088,182,0.065,0,12,0.044,0,0,0.003,,,,2026-07-03T05:16:34+02:00,"AMD Ryzen 9 3950X 16-Core Processor 32T",0.297,0,0.017,0,0,0,0,0,0
d_nofix,A-n65-k9-10,65,2080,-42835,-42835,0,6.267,300,9,1135,157,434,124,0.024,2,46,0.123,642,104,0.035,0,2,0.025,0,0,0.002,,,,2026-07-03T05:16:40+02:00,"AMD Ryzen 9 3950X 16-Core Processor 32T",0.186,0,0,0,0,0,0,0,0
d_nofix,A-n69-k9-42,69,2346,-43290,-43290,0,4.056,300,5,970,116,272,93,0.031,2,49,0.102,661,95,0.034,0,5,0.025,0,0,0.001,,,,2026-07-03T05:16:44+02:00,"AMD Ryzen 9 3950X 16-Core Processor 32T",0.146,0,0,0,0,0,0,0,0
d_nofix,A-n80-k10-14,80,3160,-105283,-105283,0,50.373,300,2850,5595,612,2557,537,0.261,0,393,0.56,2813,536,0.243,0,25,0.178,0,0,0.006,,,,2026-07-03T05:17:35+02:00,"AMD Ryzen 9 3950X 16-Core Processor 32T",0.794,0,0.17,0,0,0,0,0,0
d_nofix,B-n45-k6-54,45,990,-74278,-74278,0,5.463,300,171,1080,131,548,110,0.01,9,47,0.096,463,93,0.014,0,1,0.009,0,0,0.001,,,,2026-07-03T05:17:40+02:00,"AMD Ryzen 9 3950X 16-Core Processor 32T",0.127,0,0,0,0,0,0,0,0
d_nofix,B-n50-k8-40,50,1225,-12832,-12832,0,15.222,300,441,1497,173,451,145,0.021,17,86,0.135,954,143,0.026,0,12,0.018,0,0,0.002,,,,2026-07-03T05:17:56+02:00,"AMD Ryzen 9 3950X 16-Core Processor 32T",0.185,0,0.011,0,0,0,0,0,0
d_nofix,B-n52-k7-15,52,1326,-74998,-74998,0,2.921,300,84,843,96,437,80,0.011,7,38,0.064,354,79,0.012,0,3,0.008,0,0,0.001,,,,2026-07-03T05:17:59+02:00,"AMD Ryzen 9 3950X 16-Core Processor 32T",0.085,0,0,0,0,0,0,0,0
d_nofix,B-n57-k7-20,57,1596,-867154,-867154,0,2.615,300,3,875,98,824,83,0.014,0,21,0.079,6,81,0.017,0,1,0.012,0,0,0.001,,,,2026-07-03T05:18:02+02:00,"AMD Ryzen 9 3950X 16-Core Processor 32T",0.109,0,0,0,0,0,0,0,0
d_nofix,B-n66-k9-50,66,2145,-26520,-26520,0,47.042,300,1660,3051,330,1154,295,0.108,7,140,0.378,1783,294,0.127,2,12,0.091,0,0,0.005,,,,2026-07-03T05:18:49+02:00,"AMD Ryzen 9 3950X 16-Core Processor 32T",0.517,0,0.064,0,0,0,0,0,0
d_nofix,B-n67-k10-26,67,2211,-21924,-21924,0,2.831,300,9,1048,137,315,101,0.025,4,46,0.088,665,98,0.027,1,7,0.019,0,0,0.001,,,,2026-07-03T05:18:52+02:00,"AMD Ryzen 9 3950X 16-Core Processor 32T",0.122,0,0,0,0,0,0,0,0
d_nofix,B-n68-k9-65,68,2278,-31001,-31001,0,35.115,300,905,2659,312,1175,264,0.068,6,102,0.275,1349,243,0.088,0,9,0.064,0,0,0.004,,,,2026-07-03T05:19:27+02:00,"AMD Ryzen 9 3950X 16-Core Processor 32T",0.394,0,0.042,0,0,0,0,0,0
d_nofix,B-n78-k10-70,78,3003,-44333,-44333,0,23.156,300,110,1410,173,537,137,0.061,2,74,0.162,782,128,0.069,0,0,0.051,0,0,0.002,,,,2026-07-03T05:19:51+02:00,"AMD Ryzen 9 3950X 16-Core Processor 32T",0.235,0,0,0,0,0,0,0,0
d_nofix,E-n101-k14-158,101,5050,-3590,-9499,1.646,300.067,300,3409,5932,727,2356,653,0.364,9,138,0.965,3456,622,0.592,4,8,0.459,0,0,0.024,,,,2026-07-03T05:24:51+02:00,"AMD Ryzen 9 3950X 16-Core Processor 32T",1.85,0.002,0.245,0,0,0,0,0,0
d_nofix,E-n101-k8-291,101,5050,-4266,-4266,0,25.402,300,374,1369,184,823,132,0.109,4,54,0.192,470,117,0.145,2,6,0.099,0,0,0.005,,,,2026-07-03T05:25:16+02:00,"AMD Ryzen 9 3950X 16-Core Processor 32T",0.296,0,0.032,0,0,0,0,0,0
d_nofix,E-n76-k10-72,76,2850,-25241,-25241,0,12.98,300,64,1039,147,392,100,0.037,2,47,0.125,568,91,0.048,3,5,0.037,0,0,0.002,,,,2026-07-03T05:25:30+02:00,"AMD Ryzen 9 3950X 16-Core Processor 32T",0.185,0,0,0,0,0,0,0,0
d_nofix,E-n76-k14-102,76,2850,-1,-1,0,106.683,300,3632,7487,1032,3753,927,0.151,56,134,0.758,3578,835,0.247,3,6,0.188,0,0,0.019,,,,2026-07-03T05:27:16+02:00,"AMD Ryzen 9 3950X 16-Core Processor 32T",1.274,0.001,0.08,0,0,0,0,0,0
d_nofix,E-n76-k15-40,76,2850,-1,-1,0,66.607,300,2237,4810,650,2317,568,0.092,34,85,0.467,2386,521,0.156,1,4,0.116,0,0,0.011,,,,2026-07-03T05:28:23+02:00,"AMD Ryzen 9 3950X 16-Core Processor 32T",0.787,0.001,0.054,0,0,0,0,0,0
d_nofix,E-n76-k7-44,76,2850,-22214,-22214,0,5.937,300,21,949,114,356,97,0.054,5,62,0.134,563,95,0.061,1,14,0.047,0,0,0.002,,,,2026-07-03T05:28:29+02:00,"AMD Ryzen 9 3950X 16-Core Processor 32T",0.199,0,0,0,0,0,0,0,0
d_nofix,G-n262-k25-316,262,34191,-1426535,-1426535,0,57.37,300,51,1605,193,1419,153,1.098,1,107,0.332,110,153,1.031,0,1,0.795,0,0,0.024,,,,2026-07-03T05:29:27+02:00,"AMD Ryzen 9 3950X 16-Core Processor 32T",1.414,0,0,0,0,0,0,0,0
d_nofix,M-n101-k10-97,101,5050,-32628,-32628,0,18.634,300,641,1790,200,1302,170,0.105,0,53,0.174,398,169,0.102,0,2,0.07,0,0,0.003,,,,2026-07-03T05:29:46+02:00,"AMD Ryzen 9 3950X 16-Core Processor 32T",0.242,0,0.087,0,0,0,0,0,0
d_nofix,M-n121-k7-260,121,7260,-160097,-160110,0,177.554,300,1385,3875,409,2629,381,0.792,0,215,0.676,1171,378,0.729,0,40,0.617,0,0,0.017,,,,2026-07-03T05:32:43+02:00,"AMD Ryzen 9 3950X 16-Core Processor 32T",1.289,0.001,0.384,0,0,0,0,0,0
d_nofix,M-n151-k12-15,151,11325,-79530,-90265,0.135,300.056,300,5084,8060,861,5391,786,1.984,0,537,1.339,2444,783,1.781,0,36,1.421,0,0,0.036,,,,2026-07-03T05:37:44+02:00,"AMD Ryzen 9 3950X 16-Core Processor 32T",2.829,0.002,1.707,0,0,0,0,0,0
d_nofix,M-n200-k16-143,200,19900,-198792,-198792,0,11.789,300,1,983,102,925,97,0.252,0,64,0.136,43,95,0.232,0,0,0.179,0,0,0.006,,,,2026-07-03T05:37:56+02:00,"AMD Ryzen 9 3950X 16-Core Processor 32T",0.342,0,0,0,0,0,0,0,0
d_nofix,M-n200-k17-12,200,19900,-121210,-121218,0,289.659,300,4175,10305,1090,8000,1005,3.821,0,780,1.78,2050,1005,3.251,0,31,2.577,0,0,0.046,,,,2026-07-03T05:42:46+02:00,"AMD Ryzen 9 3950X 16-Core Processor 32T",4.837,0.002,1.468,0,0,0,0,0,0
d_nofix,P-n101-k4-174,101,5050,-17702,-17702,0,16.442,300,120,1170,140,517,116,0.227,1,79,0.199,631,113,0.211,0,11,0.178,0,0,0.004,,,,2026-07-03T05:43:02+02:00,"AMD Ryzen 9 3950X 16-Core Processor 32T",0.425,0,0,0,0,0,0,0,0
d_nofix,P-n50-k10-24,50,1225,-2965,-2965,0,7.27,300,143,853,148,281,89,0.008,2,24,0.088,483,89,0.014,0,1,0.009,0,0,0.001,,,,2026-07-03T05:43:10+02:00,"AMD Ryzen 9 3950X 16-Core Processor 32T",0.128,0,0,0,0,0,0,0,0
d_nofix,P-n50-k7-92,50,1225,-2,-2,0,12.715,300,832,2295,335,1250,261,0.025,13,60,0.237,952,204,0.04,6,11,0.028,0,0,0.004,,,,2026-07-03T05:43:22+02:00,"AMD Ryzen 9 3950X 16-Core Processor 32T",0.338,0,0.015,0,0,0,0,0,0
d_nofix,P-n50-k8-19,50,1225,-83307,-83307,0,1.43,300,19,550,69,324,53,0.004,2,9,0.035,195,53,0.006,0,1,0.004,0,0,0.001,,,,2026-07-03T05:43:24+02:00,"AMD Ryzen 9 3950X 16-Core Processor 32T",0.048,0,0,0,0,0,0,0,0
d_nofix,P-n51-k10-30,51,1275,-2,-2,0,20.826,300,1707,2641,404,1271,334,0.023,12,52,0.243,1289,282,0.04,1,4,0.029,0,0,0.004,,,,2026-07-03T05:43:45+02:00,"AMD Ryzen 9 3950X 16-Core Processor 32T",0.364,0,0.025,0,0,0,0,0,0
d_nofix,P-n55-k10-44,55,1485,-1090,-1090,0,21.411,300,1103,2249,336,1076,280,0.028,10,45,0.233,1079,221,0.044,2,5,0.033,0,0,0.004,,,,2026-07-03T05:44:07+02:00,"AMD Ryzen 9 3950X 16-Core Processor 32T",0.363,0,0.022,0,0,0,0,0,0
d_nofix,P-n55-k15-88,55,1485,-2,-2,0,34.466,300,2656,2074,486,1066,370,0.016,23,35,0.197,930,281,0.032,0,0,0.024,0,0,0.004,,,,2026-07-03T05:44:41+02:00,"AMD Ryzen 9 3950X 16-Core Processor 32T",0.321,0,0.023,0,0,0,0,0,0
d_nofix,P-n55-k7-116,55,1485,-17824,-17824,0,2.29,300,15,610,82,216,62,0.011,5,30,0.067,352,57,0.015,1,5,0.01,0,0,0.001,,,,2026-07-03T05:44:44+02:00,"AMD Ryzen 9 3950X 16-Core Processor 32T",0.098,0,0,0,0,0,0,0,0
d_nofix,P-n55-k8-260,55,1485,-3573,-3573,0,8.763,300,208,914,127,296,89,0.016,2,43,0.095,535,80,0.02,0,8,0.015,0,0,0.001,,,,2026-07-03T05:44:53+02:00,"AMD Ryzen 9 3950X 16-Core Processor 32T",0.132,0,0.008,0,0,0,0,0,0
d_nofix,P-n60-k10-24,60,1770,-15001,-15001,0,2.228,300,21,626,85,216,63,0.009,3,23,0.056,377,66,0.013,4,3,0.009,0,0,0.001,,,,2026-07-03T05:44:55+02:00,"AMD Ryzen 9 3950X 16-Core Processor 32T",0.085,0,0,0,0,0,0,0,0
d_nofix,P-n60-k15-8,60,1770,-534,-534,0,24.202,300,1075,1658,297,730,230,0.018,15,30,0.164,845,181,0.032,0,2,0.024,0,0,0.003,,,,2026-07-03T05:45:19+02:00,"AMD Ryzen 9 3950X 16-Core Processor 32T",0.247,0,0.013,0,0,0,0,0,0
d_nofix,P-n65-k10-102,65,2080,-3,-3,0,34.851,300,1684,4076,588,2208,485,0.068,21,86,0.425,1770,397,0.11,2,10,0.082,0,0,0.009,,,,2026-07-03T05:45:54+02:00,"AMD Ryzen 9 3950X 16-Core Processor 32T",0.663,0,0.039,0,0,0,0,0,0
d_nofix,P-n70-k10-12,70,2415,-70317,-70317,0,1.131,300,1,633,72,292,62,0.011,0,41,0.043,314,60,0.014,0,2,0.009,0,0,0.001,,,,2026-07-03T05:45:56+02:00,"AMD Ryzen 9 3950X 16-Core Processor 32T",0.065,0,0,0,0,0,0,0,0
d_nofix,P-n76-k4-41,76,2850,-88276,-88276,0,8.214,300,101,1375,149,880,133,0.107,0,101,0.188,450,133,0.097,0,19,0.081,0,0,0.002,,,,2026-07-03T05:46:04+02:00,"AMD Ryzen 9 3950X 16-Core Processor 32T",0.291,0,0,0,0,0,0,0,0
d_nofix,P-n76-k5-16,76,2850,-107633,-107633,0,1.304,300,1,570,62,445,55,0.028,0,34,0.065,104,51,0.027,0,5,0.018,0,0,0.001,,,,2026-07-03T05:46:06+02:00,"AMD Ryzen 9 3950X 16-Core Processor 32T",0.102,0,0,0,0,0,0,0,0
d_nofix,E-n101-k14_a,101,5050,-6.667,-6.667,0,97.228,300,1017,5124,565,1995,529,0.328,23,159,0.707,3060,522,0.432,6,14,0.337,0,0,0.019,,,,2026-07-03T05:47:43+02:00,"AMD Ryzen 9 3950X 16-Core Processor 32T",1.178,0,0.074,0,0,0,0,0,0
d_nofix,E-n101-k14_b,101,5050,-0.002,-4.942,2470,300.024,300,6035,11593,1302,5097,1216,0.623,63,328,1.509,6299,1182,0.878,19,21,0.694,0,0,0.043,,,,2026-07-03T05:52:43+02:00,"AMD Ryzen 9 3950X 16-Core Processor 32T",2.632,0.002,0.378,0,0,0,0,0,0
d_nofix,E-n101-k8_a,101,5050,-23.977,-23.977,0,32.442,300,405,1499,180,522,137,0.159,1,90,0.197,847,137,0.16,0,7,0.108,0,0,0.003,,,,2026-07-03T05:53:16+02:00,"AMD Ryzen 9 3950X 16-Core Processor 32T",0.315,0,0.055,0,0,0,0,0,0
d_nofix,E-n101-k8_b,101,5050,-18.738,-18.738,0,2.377,300,1,710,71,279,71,0.089,0,40,0.091,431,71,0.083,0,7,0.065,0,0,0.001,,,,2026-07-03T05:53:18+02:00,"AMD Ryzen 9 3950X 16-Core Processor 32T",0.152,0,0,0,0,0,0,0,0
d_nofix,E-n76-k10_a,76,2850,-3.81,-3.81,0,50.464,300,1111,4361,522,2030,473,0.13,18,102,0.53,2241,439,0.199,4,13,0.15,0,0,0.011,,,,2026-07-03T05:54:09+02:00,"AMD Ryzen 9 3950X 16-Core Processor 32T",0.849,0,0.043,0,0,0,0,0,0
d_nofix,E-n76-k10_b,76,2850,-8.138,-8.138,0,7.549,300,15,1014,118,180,99,0.04,3,62,0.115,786,99,0.046,0,6,0.034,0,0,0.001,,,,2026-07-03T05:54:17+02:00,"AMD Ryzen 9 3950X 16-Core Processor 32T",0.178,0,0,0,0,0,0,0,0
d_nofix,E-n76-k14_a,76,2850,-3.788,-3.788,0,53.132,300,1563,4131,571,1913,498,0.087,21,75,0.464,2126,450,0.157,4,4,0.119,0,0,0.01,,,,2026-07-03T05:55:10+02:00,"AMD Ryzen 9 3950X 16-Core Processor 32T",0.756,0,0.039,0,0,0,0,0,0
d_nofix,E-n76-k14_b,76,2850,-0.002,-0.002,0,119.315,300,4067,4010,654,2069,557,0.085,19,60,0.477,1834,452,0.156,4,5,0.12,0,0,0.012,,,,2026-07-03T05:57:09+02:00,"AMD Ryzen 9 3950X 16-Core Processor 32T",0.832,0.001,0.089,0,0,0,0,0,0
d_nofix,E-n76-k7_a,76,2850,-6.032,-6.032,0,68.969,300,2982,7702,896,4653,812,0.315,16,205,1.029,2866,694,0.424,9,37,0.328,0,0,0.022,,,,2026-07-03T05:58:19+02:00,"AMD Ryzen 9 3950X 16-Core Processor 32T",1.685,0,0.327,0,0,0,0,0,0
d_nofix,E-n76-k7_b,76,2850,-5.792,-5.792,0,8.74,300,19,1011,125,306,99,0.059,6,55,0.136,631,96,0.067,3,10,0.05,0,0,0.002,,,,2026-07-03T05:58:28+02:00,"AMD Ryzen 9 3950X 16-Core Processor 32T",0.218,0,0,0,0,0,0,0,0
d_nofix,E-n76-k8_a,76,2850,-6.635,-6.635,0,57.936,300,2260,4432,559,2086,481,0.183,5,158,0.617,2192,417,0.27,1,18,0.195,0,0,0.012,,,,2026-07-03T05:59:26+02:00,"AMD Ryzen 9 3950X 16-Core Processor 32T",1.017,0,0.133,0,0,0,0,0,0
d_nofix,E-n76-k8_b,76,2850,-19.209,-19.209,0,1.005,300,1,490,49,139,49,0.029,0,33,0.059,351,49,0.029,0,5,0.019,0,0,0,,,,2026-07-03T05:59:27+02:00,"AMD Ryzen 9 3950X 16-Core Processor 32T",0.08,0,0,0,0,0,0,0,0
d_nofix,F-n135-k7_a,135,9045,-13.856,-19.17,0.384,300.022,300,15138,10520,1115,7363,1025,2.186,10,759,1.63,2875,1025,1.92,2,99,1.551,0,0,0.03,,,,2026-07-03T06:04:27+02:00,"AMD Ryzen 9 3950X 16-Core Processor 32T",3.082,0.002,9.412,0,0,0,0,0,0
d_nofix,F-n45-k4_a,45,990,-13.714,-13.714,0,0.275,300,1,220,22,102,22,0.003,0,10,0.021,118,22,0.004,0,9,0.003,0,0,0,,,,2026-07-03T06:04:27+02:00,"AMD Ryzen 9 3950X 16-Core Processor 32T",0.027,0,0,0,0,0,0,0,0
d_nofix,F-n72-k4_a,72,2556,0.005,0.005,0,1.737,300,13,641,72,410,64,0.026,4,36,0.075,203,60,0.028,0,4,0.02,0,0,0.001,,,,2026-07-03T06:04:29+02:00,"AMD Ryzen 9 3950X 16-Core Processor 32T",0.099,0,0,0,0,0,0,0,0
d_nofix,M-n121-k7_a,121,7260,-11.979,-21.909,0.829,300.007,300,3785,6135,674,3161,588,1.355,31,373,1.06,2687,587,1.231,1,68,1.015,0,0,0.025,,,,2026-07-03T06:09:30+02:00,"AMD Ryzen 9 3950X 16-Core Processor 32T",2.076,0.001,0.888,0,0,0,0,0,0
d_nofix,M-n121-k7_b,121,7260,-8.674,-21.609,1.491,300.055,300,5118,8042,885,4115,770,1.557,19,452,1.322,3560,768,1.437,3,92,1.225,0,0,0.034,,,,2026-07-03T06:14:30+02:00,"AMD Ryzen 9 3950X 16-Core Processor 32T",2.646,0.002,1.318,0,0,0,0,0,0
d_nofix,M-n151-k12_a,151,11325,-3.25,-15.988,3.919,300.053,300,1945,3073,329,760,299,0.79,5,152,0.54,2213,298,0.828,5,13,0.66,0,0,0.016,,,,2026-07-03T06:19:30+02:00,"AMD Ryzen 9 3950X 16-Core Processor 32T",1.687,0.002,0.746,0,0,0,0,0,0
d_nofix,M-n151-k12_b,151,11325,-3.509,-13.811,2.936,300.062,300,1760,3271,369,955,316,0.808,11,183,0.566,2159,314,0.853,0,5,0.668,0,0,0.017,,,,2026-07-03T06:24:30+02:00,"AMD Ryzen 9 3950X 16-Core Processor 32T",1.651,0.002,0.791,0,0,0,0,0,0
d_nofix,M-n200-k16_a,200,19900,1.528,-21.275,14.923,300.078,300,534,2485,273,481,238,1.03,2,153,0.441,1897,238,0.916,0,3,0.718,0,0,0.014,,,,2026-07-03T06:29:31+02:00,"AMD Ryzen 9 3950X 16-Core Processor 32T",1.691,0.001,0.248,0,0,0,0,0,0
d_nofix,M-n200-k16_b,200,19900,1.465,-30.704,21.958,300.043,300,2303,5720,656,2657,536,1.978,0,395,0.927,2703,536,1.701,0,16,1.351,0,0,0.025,,,,2026-07-03T06:34:31+02:00,"AMD Ryzen 9 3950X 16-Core Processor 32T",2.586,0.001,0.96,0,0,0,0,0,0
d_nofix,M-n200-k17_a,200,19900,-5.102,-22.339,3.378,300.038,300,494,2390,267,348,231,0.988,0,152,0.433,1948,231,0.889,2,12,0.704,0,0,0.011,,,,2026-07-03T06:39:31+02:00,"AMD Ryzen 9 3950X 16-Core Processor 32T",1.826,0.001,0.183,0,0,0,0,0,0
d_nofix,M-n200-k17_b,200,19900,-0,-17.539,4.19671939352194e+15,300.067,300,1002,2890,303,775,283,1.208,3,165,0.512,2052,283,1.057,0,6,0.842,0,0,0.017,,,,2026-07-03T06:44:31+02:00,"AMD Ryzen 9 3950X 16-Core Processor 32T",1.787,0.001,0.41,0,0,0,0,0,0
d_nofix,P-n101-k4_a,101,5050,-7.219,-7.219,0,21.926,300,166,1105,131,525,108,0.184,3,58,0.179,525,95,0.195,1,23,0.171,0,0,0.004,,,,2026-07-03T06:44:54+02:00,"AMD Ryzen 9 3950X 16-Core Processor 32T",0.404,0,0,0,0,0,0,0,0
d_nofix,P-n101-k4_b,101,5050,-13.17,-13.17,0,1.203,300,1,400,40,300,40,0.067,0,16,0.06,100,40,0.062,0,4,0.045,0,0,0.001,,,,2026-07-03T06:44:55+02:00,"AMD Ryzen 9 3950X 16-Core Processor 32T",0.101,0,0,0,0,0,0,0,0
d_nofix,P-n70-k10_a,70,2415,-2.852,-2.852,0,34.99,300,1331,3830,481,1889,417,0.078,22,82,0.404,1829,378,0.124,5,12,0.097,0,0,0.008,,,,2026-07-03T06:45:30+02:00,"AMD Ryzen 9 3950X 16-Core Processor 32T",0.619,0,0.038,0,0,0,0,0,0
d_nofix,P-n70-k10_b,70,2415,-2.477,-2.477,0,17.883,300,197,1598,237,627,178,0.036,6,38,0.193,844,160,0.057,0,0,0.044,0,0,0.003,,,,2026-07-03T06:45:48+02:00,"AMD Ryzen 9 3950X 16-Core Processor 32T",0.305,0,0,0,0,0,0,0,0
d_nofix,P-n76-k4_a,76,2850,-2.903,-2.903,0,18.994,300,1631,2474,287,1585,248,0.144,5,85,0.358,796,195,0.173,4,26,0.139,0,0,0.008,,,,2026-07-03T06:46:07+02:00,"AMD Ryzen 9 3950X 16-Core Processor 32T",0.538,0,0.366,0,0,0,0,0,0
d_nofix,P-n76-k4_b,76,2850,-13.164,-13.164,0,0.797,300,1,410,41,125,41,0.038,0,25,0.057,285,41,0.03,0,8,0.028,0,0,0,,,,2026-07-03T06:46:08+02:00,"AMD Ryzen 9 3950X 16-Core Processor 32T",0.079,0,0,0,0,0,0,0,0
d_nofix,P-n76-k5_a,76,2850,-3.96,-3.96,0,27.715,300,997,4178,462,2718,426,0.189,11,134,0.582,1364,381,0.265,1,29,0.213,0,0,0.013,,,,2026-07-03T06:46:36+02:00,"AMD Ryzen 9 3950X 16-Core Processor 32T",0.915,0,0.166,0,0,0,0,0,0
d_nofix,P-n76-k5_b,76,2850,-13.64,-13.64,0,0.904,300,1,450,45,141,45,0.038,0,33,0.058,309,45,0.034,0,5,0.025,0,0,0.001,,,,2026-07-03T06:46:37+02:00,"AMD Ryzen 9 3950X 16-Core Processor 32T",0.081,0,0,0,0,0,0,0,0
d_fix,A-n54-k7-149,54,1431,-12492,-12492,0,12.588,300,156,1478,169,563,149,0.023,3,54,0.145,852,136,0.03,0,8,0.022,0,0,0.002,,,,2026-07-03T06:46:50+02:00,"AMD Ryzen 9 3950X 16-Core Processor 32T",0.209,0.012,0,0.009,0,0,0,0,0
d_fix,A-n60-k9-57,60,1770,-1000,-1000,0,78.331,300,4943,5848,741,3349,683,0.089,28,123,0.604,2349,540,0.135,4,10,0.102,0,0,0.012,,,,2026-07-03T06:48:08+02:00,"AMD Ryzen 9 3950X 16-Core Processor 32T",0.921,0.04,0.147,0,0,0,0,0,0
d_fix,A-n61-k9-80,61,1830,-23549,-23549,0,11.412,300,144,1287,182,527,135,0.022,3,42,0.127,679,109,0.032,0,1,0.022,0,0,0.002,,,,2026-07-03T06:48:20+02:00,"AMD Ryzen 9 3950X 16-Core Processor 32T",0.191,0.004,0,0.001,0,0,0,0,0
d_fix,A-n62-k8-99,62,1891,-35969,-35969,0,27.397,300,711,2197,242,617,214,0.069,7,115,0.271,1509,214,0.076,4,20,0.063,0,0,0.004,,,,2026-07-03T06:48:48+02:00,"AMD Ryzen 9 3950X 16-Core Processor 32T",0.383,0.043,0.047,0.035,0,0,0,0,0
d_fix,A-n63-k10-44,63,1953,-32561,-32561,0,5.464,300,29,887,104,212,89,0.021,0,45,0.087,631,84,0.023,1,4,0.016,0,0,0.001,,,,2026-07-03T06:48:53+02:00,"AMD Ryzen 9 3950X 16-Core Processor 32T",0.125,0.091,0,0.09,0,0,0,0,0
d_fix,A-n63-k9-157,63,1953,-24189,-24189,0,9.641,300,23,995,132,311,110,0.023,0,50,0.099,657,93,0.027,0,4,0.019,0,0,0.001,,,,2026-07-03T06:49:03+02:00,"AMD Ryzen 9 3950X 16-Core Processor 32T",0.155,0.001,0,0,0,0,0,0,0
d_fix,A-n64-k9-45,64,2016,-50550,-50550,0,26.415,300,587,1895,209,747,188,0.054,0,79,0.21,1088,182,0.062,0,12,0.044,0,0,0.003,,,,2026-07-03T06:49:30+02:00,"AMD Ryzen 9 3950X 16-Core Processor 32T",0.303,0.022,0.014,0.015,0,0,0,0,0
d_fix,A-n65-k9-10,65,2080,-42835,-42835,0,6.336,300,9,1135,157,434,124,0.025,2,46,0.127,642,104,0.036,0,2,0.026,0,0,0.002,,,,2026-07-03T06:49:36+02:00,"AMD Ryzen 9 3950X 16-Core Processor 32T",0.19,0.002,0,0.002,0,0,0,0,0
d_fix,A-n69-k9-42,69,2346,-43290,-43290,0,4.056,300,5,970,116,272,93,0.029,2,49,0.099,661,95,0.034,0,5,0.024,0,0,0.001,,,,2026-07-03T06:49:40+02:00,"AMD Ryzen 9 3950X 16-Core Processor 32T",0.143,0.017,0,0.017,0,0,0,0,0
d_fix,A-n80-k10-14,80,3160,-105283,-105283,0,50.667,300,2850,5595,612,2557,537,0.258,0,393,0.568,2813,536,0.245,0,25,0.179,0,0,0.006,,,,2026-07-03T06:50:31+02:00,"AMD Ryzen 9 3950X 16-Core Processor 32T",0.806,0.046,0.168,0.015,0,0,0,0,0
d_fix,B-n45-k6-54,45,990,-74278,-74278,0,5.413,300,171,1080,131,548,110,0.01,9,47,0.091,463,93,0.014,0,1,0.009,0,0,0.002,,,,2026-07-03T06:50:37+02:00,"AMD Ryzen 9 3950X 16-Core Processor 32T",0.122,0.002,0,0.001,0,0,0,0,0
d_fix,B-n50-k8-40,50,1225,-12832,-12832,0,15.103,300,441,1497,173,451,145,0.021,17,86,0.138,954,143,0.025,0,12,0.019,0,0,0.002,,,,2026-07-03T06:50:52+02:00,"AMD Ryzen 9 3950X 16-Core Processor 32T",0.188,0.006,0.011,0.003,0,0,0,0,0
d_fix,B-n52-k7-15,52,1326,-74998,-74998,0,2.932,300,84,843,96,437,80,0.011,7,38,0.062,354,79,0.012,0,3,0.008,0,0,0.001,,,,2026-07-03T06:50:55+02:00,"AMD Ryzen 9 3950X 16-Core Processor 32T",0.083,0.003,0,0.002,0,0,0,0,0
d_fix,B-n57-k7-20,57,1596,-867154,-867154,0,2.753,300,3,875,98,824,83,0.015,0,21,0.082,6,81,0.018,0,1,0.011,0,0,0.001,,,,2026-07-03T06:50:58+02:00,"AMD Ryzen 9 3950X 16-Core Processor 32T",0.113,0.085,0,0.085,0,0,0,0,0
d_fix,B-n66-k9-50,66,2145,-26520,-26520,0,46.952,300,1660,3051,330,1154,295,0.108,7,140,0.385,1783,294,0.127,2,12,0.086,0,0,0.005,,,,2026-07-03T06:51:45+02:00,"AMD Ryzen 9 3950X 16-Core Processor 32T",0.523,0.013,0.062,0.002,0,0,0,0,0
d_fix,B-n67-k10-26,67,2211,-21924,-21924,0,2.803,300,9,1048,137,315,101,0.024,4,46,0.089,665,98,0.026,1,7,0.019,0,0,0.001,,,,2026-07-03T06:51:48+02:00,"AMD Ryzen 9 3950X 16-Core Processor 32T",0.123,0.001,0,0,0,0,0,0,0
d_fix,B-n68-k9-65,68,2278,-31001,-31001,0,34.904,300,905,2659,312,1175,264,0.065,6,102,0.274,1349,243,0.089,0,9,0.063,0,0,0.004,,,,2026-07-03T06:52:23+02:00,"AMD Ryzen 9 3950X 16-Core Processor 32T",0.393,0.025,0.034,0.015,0,0,0,0,0
d_fix,B-n78-k10-70,78,3003,-44333,-44333,0,23.225,300,110,1410,173,537,137,0.062,2,74,0.16,782,128,0.068,0,0,0.051,0,0,0.002,,,,2026-07-03T06:52:47+02:00,"AMD Ryzen 9 3950X 16-Core Processor 32T",0.235,0.005,0,0.001,0,0,0,0,0
d_fix,E-n101-k14-158,101,5050,-3586,-8366,1.333,300.034,300,4327,8854,985,3588,930,0.525,33,197,1.301,5110,903,0.79,9,13,0.611,0,0,0.035,,,,2026-07-03T06:57:47+02:00,"AMD Ryzen 9 3950X 16-Core Processor 32T",2.367,0.121,0.3,0.044,0,0,0,0,0
d_fix,E-n101-k8-291,101,5050,-4266,-4266,0,28.224,300,535,1511,207,822,143,0.13,7,62,0.212,579,124,0.147,1,6,0.114,0,0,0.005,,,,2026-07-03T06:58:15+02:00,"AMD Ryzen 9 3950X 16-Core Processor 32T",0.321,0.014,0.07,0.004,0,0,0,0,0
d_fix,E-n76-k10-72,76,2850,-25241,-25241,0,13.182,300,64,1039,147,392,100,0.037,2,47,0.126,568,91,0.047,3,5,0.038,0,0,0.002,,,,2026-07-03T06:58:29+02:00,"AMD Ryzen 9 3950X 16-Core Processor 32T",0.186,0.005,0,0.003,0,0,0,0,0
d_fix,E-n76-k14-102,76,2850,-1,-1,0,86.859,300,2607,6843,948,3545,859,0.129,54,109,0.661,3202,776,0.214,12,6,0.163,0,0,0.018,,,,2026-07-03T06:59:56+02:00,"AMD Ryzen 9 3950X 16-Core Processor 32T",1.126,0.035,0.06,0.002,0,3,0,0,0
d_fix,E-n76-k15-40,76,2850,-1,-1,0,94.645,300,3179,5707,845,2859,734,0.112,30,83,0.639,2724,650,0.209,0,4,0.158,0,0,0.016,,,,2026-07-03T07:01:30+02:00,"AMD Ryzen 9 3950X 16-Core Processor 32T",1.118,0.04,0.08,0.002,0,3,0,0,0
d_fix,E-n76-k7-44,76,2850,-22214,-22214,0,5.937,300,21,949,114,356,97,0.054,5,62,0.128,563,95,0.058,1,14,0.047,0,0,0.002,,,,2026-07-03T07:01:37+02:00,"AMD Ryzen 9 3950X 16-Core Processor 32T",0.191,0.088,0,0.088,0,0,0,0,0
d_fix,G-n262-k25-316,262,34191,-1426535,-1426535,0,57.483,300,51,1605,193,1419,153,1.099,1,107,0.325,110,153,1.028,0,1,0.789,0,0,0.024,,,,2026-07-03T07:02:34+02:00,"AMD Ryzen 9 3950X 16-Core Processor 32T",1.409,0,0,0,0,0,0,0,0
d_fix,M-n101-k10-97,101,5050,-32628,-32628,0,18.681,300,641,1790,200,1302,170,0.106,0,53,0.175,398,169,0.102,0,2,0.071,0,0,0.003,,,,2026-07-03T07:02:53+02:00,"AMD Ryzen 9 3950X 16-Core Processor 32T",0.244,0.015,0.085,0.004,0,0,0,0,0
d_fix,M-n121-k7-260,121,7260,-160097,-160110,0,181.537,300,1385,3875,409,2629,381,0.793,0,215,0.676,1171,378,0.726,0,40,0.617,0,0,0.016,,,,2026-07-03T07:05:55+02:00,"AMD Ryzen 9 3950X 16-Core Processor 32T",1.299,0.605,0.379,0.576,0,0,0,0,0
d_fix,M-n151-k12-15,151,11325,-79996,-86800,0.085,300.053,300,6113,10264,1082,7082,1005,2.483,0,687,1.704,2957,1001,2.238,0,38,1.789,0,0,0.048,,,,2026-07-03T07:10:55+02:00,"AMD Ryzen 9 3950X 16-Core Processor 32T",3.494,0.283,2.013,0.12,0,0,0,4099,0
d_fix,M-n200-k16-143,200,19900,-198792,-198792,0,11.928,300,1,983,102,925,97,0.255,0,64,0.129,43,95,0.227,0,0,0.175,0,0,0.006,,,,2026-07-03T07:11:07+02:00,"AMD Ryzen 9 3950X 16-Core Processor 32T",0.344,0.077,0,0.077,0,0,0,0,0
d_fix,M-n200-k17-12,200,19900,-121210,-121218,0,289.932,300,4175,10305,1090,8000,1005,3.806,0,780,1.775,2050,1005,3.233,0,31,2.57,0,0,0.046,,,,2026-07-03T07:15:57+02:00,"AMD Ryzen 9 3950X 16-Core Processor 32T",4.814,0.515,1.458,0.337,0,0,0,819,0
d_fix,P-n101-k4-174,101,5050,-17702,-17702,0,16.566,300,120,1170,140,517,116,0.23,1,79,0.201,631,113,0.212,0,11,0.178,0,0,0.004,,,,2026-07-03T07:16:14+02:00,"AMD Ryzen 9 3950X 16-Core Processor 32T",0.429,0.135,0,0.132,0,0,0,0,0
d_fix,P-n50-k10-24,50,1225,-2965,-2965,0,10.589,300,394,1133,204,418,142,0.01,5,23,0.116,606,123,0.019,0,2,0.013,0,0,0.002,,,,2026-07-03T07:16:25+02:00,"AMD Ryzen 9 3950X 16-Core Processor 32T",0.171,0.005,0.005,0.001,0,2,0,0,0
d_fix,P-n50-k7-92,50,1225,-2,-2,0,12.97,300,836,2210,325,1185,251,0.024,14,57,0.226,931,197,0.038,6,11,0.027,0,0,0.004,,,,2026-07-03T07:16:38+02:00,"AMD Ryzen 9 3950X 16-Core Processor 32T",0.325,0.007,0.013,0.003,0,0,0,0,0
d_fix,P-n50-k8-19,50,1225,-83307,-83307,0,1.392,300,19,550,69,324,53,0.004,2,9,0.034,195,53,0.006,0,1,0.004,0,0,0.001,,,,2026-07-03T07:16:40+02:00,"AMD Ryzen 9 3950X 16-Core Processor 32T",0.047,0.001,0,0,0,0,0,0,0
d_fix,P-n51-k10-30,51,1275,-2,-2,0,20.685,300,1707,2641,404,1271,334,0.024,12,52,0.244,1289,282,0.041,1,4,0.029,0,0,0.004,,,,2026-07-03T07:17:00+02:00,"AMD Ryzen 9 3950X 16-Core Processor 32T",0.362,0.011,0.025,0,0,0,0,0,0
d_fix,P-n55-k10-44,55,1485,-1090,-1090,0,20.878,300,1009,2066,319,949,268,0.027,7,43,0.219,1028,199,0.045,0,4,0.032,0,0,0.004,,,,2026-07-03T07:17:21+02:00,"AMD Ryzen 9 3950X 16-Core Processor 32T",0.344,0.008,0.017,0.001,0,1,0,0,0
d_fix,P-n55-k15-88,55,1485,-2,-2,0,35.349,300,2799,1959,461,1003,345,0.015,23,35,0.185,870,271,0.03,0,0,0.022,0,0,0.005,,,,2026-07-03T07:17:57+02:00,"AMD Ryzen 9 3950X 16-Core Processor 32T",0.299,0.022,0.026,0,0,54,0,0,0
d_fix,P-n55-k7-116,55,1485,-17824,-17824,0,2.286,300,15,610,82,216,62,0.011,5,30,0.068,352,57,0.015,1,5,0.01,0,0,0.001,,,,2026-07-03T07:17:59+02:00,"AMD Ryzen 9 3950X 16-Core Processor 32T",0.099,0.001,0,0,0,0,0,0,0
d_fix,P-n55-k8-260,55,1485,-3573,-3573,0,11.159,300,315,1114,149,451,110,0.02,1,47,0.109,581,99,0.025,0,8,0.018,0,0,0.002,,,,2026-07-03T07:18:11+02:00,"AMD Ryzen 9 3950X 16-Core Processor 32T",0.153,0.007,0.003,0.004,0,1,0,0,0
d_fix,P-n60-k10-24,60,1770,-15001,-15001,0,2.269,300,21,626,85,216,63,0.009,3,23,0.055,377,66,0.013,4,3,0.009,0,0,0.001,,,,2026-07-03T07:18:13+02:00,"AMD Ryzen 9 3950X 16-Core Processor 32T",0.085,0,0,0,0,0,0,0,0
d_fix,P-n60-k15-8,60,1770,-534,-534,0,23.488,300,934,1422,287,624,218,0.016,14,35,0.152,714,160,0.03,0,1,0.022,0,0,0.003,,,,2026-07-03T07:18:37+02:00,"AMD Ryzen 9 3950X 16-Core Processor 32T",0.238,0.009,0.011,0.001,0,1,0,0,0
d_fix,P-n65-k10-102,65,2080,-3,-3,0,36.619,300,2335,4316,626,2329,510,0.068,23,98,0.436,1854,415,0.112,7,11,0.084,0,0,0.009,,,,2026-07-03T07:19:14+02:00,"AMD Ryzen 9 3950X 16-Core Processor 32T",0.677,0.021,0.058,0.002,0,0,0,0,0
d_fix,P-n70-k10-12,70,2415,-70317,-70317,0,1.147,300,1,633,72,292,62,0.012,0,41,0.044,314,60,0.015,0,2,0.01,0,0,0.001,,,,2026-07-03T07:19:15+02:00,"AMD Ryzen 9 3950X 16-Core Processor 32T",0.066,0.002,0,0.002,0,0,0,0,0
d_fix,P-n76-k4-41,76,2850,-88276,-88276,0,8.467,300,101,1375,149,880,133,0.107,0,101,0.193,450,133,0.093,0,19,0.077,0,0,0.002,,,,2026-07-03T07:19:24+02:00,"AMD Ryzen 9 3950X 16-Core Processor 32T",0.294,0.013,0,0.012,0,0,0,0,0
d_fix,P-n76-k5-16,76,2850,-107633,-107633,0,1.34,300,1,570,62,445,55,0.027,0,34,0.065,104,51,0.027,0,5,0.019,0,0,0.001,,,,2026-07-03T07:19:25+02:00,"AMD Ryzen 9 3950X 16-Core Processor 32T",0.103,0.003,0,0.003,0,0,0,0,0
d_fix,E-n101-k14_a,101,5050,-6.667,-6.667,0,99.47,300,885,5004,566,1802,523,0.335,18,140,0.747,3138,519,0.464,4,12,0.36,0,0,0.017,,,,2026-07-03T07:21:05+02:00,"AMD Ryzen 9 3950X 16-Core Processor 32T",1.281,0.027,0.05,0.008,0,0,0,0,0
d_fix,E-n101-k14_b,101,5050,-0.002,-3.112,1555,300.035,300,4826,13983,1582,6864,1477,0.724,63,300,1.72,6914,1425,0.987,13,14,0.776,0,0,0.054,,,,2026-07-03T07:26:05+02:00,"AMD Ryzen 9 3950X 16-Core Processor 32T",3.064,0.134,0.293,0.046,0,0,0,0,0
d_fix,E-n101-k8_a,101,5050,-23.977,-23.977,0,32.522,300,405,1499,180,522,137,0.167,1,90,0.203,847,137,0.163,0,7,0.117,0,0,0.004,,,,2026-07-03T07:26:38+02:00,"AMD Ryzen 9 3950X 16-Core Processor 32T",0.318,0.016,0.063,0.004,0,0,0,0,0
d_fix,E-n101-k8_b,101,5050,-18.738,-18.738,0,2.542,300,1,710,71,279,71,0.094,0,40,0.093,431,71,0.085,0,7,0.06,0,0,0.001,,,,2026-07-03T07:26:40+02:00,"AMD Ryzen 9 3950X 16-Core Processor 32T",0.156,0,0,0,0,0,0,0,0
d_fix,E-n76-k10_a,76,2850,-3.81,-3.81,0,53.356,300,1510,5566,696,2585,618,0.16,18,116,0.716,2856,562,0.254,4,13,0.2,0,0,0.014,,,,2026-07-03T07:27:34+02:00,"AMD Ryzen 9 3950X 16-Core Processor 32T",1.156,0.017,0.067,0.001,0,0,0,0,0
d_fix,E-n76-k10_b,76,2850,-8.138,-8.138,0,7.684,300,15,1014,118,180,99,0.041,3,62,0.118,786,99,0.05,0,6,0.036,0,0,0.001,,,,2026-07-03T07:27:42+02:00,"AMD Ryzen 9 3950X 16-Core Processor 32T",0.181,0.022,0,0.022,0,0,0,0,0
d_fix,E-n76-k14_a,76,2850,-3.788,-3.788,0,54.307,300,1454,3243,458,1427,393,0.073,14,63,0.378,1730,341,0.129,5,6,0.094,0,0,0.007,,,,2026-07-03T07:28:36+02:00,"AMD Ryzen 9 3950X 16-Core Processor 32T",0.623,0.017,0.036,0.001,0,1,0,0,0
d_fix,E-n76-k14_b,76,2850,-0.002,-0.002,0,102.028,300,3259,5226,776,2628,683,0.104,25,85,0.555,2503,572,0.184,2,6,0.139,0,0,0.014,,,,2026-07-03T07:30:18+02:00,"AMD Ryzen 9 3950X 16-Core Processor 32T",0.967,0.04,0.081,0.002,0,14,0,0,0
d_fix,E-n76-k7_a,76,2850,-6.032,-6.032,0,70.475,300,2982,7702,896,4653,812,0.317,16,205,1.03,2866,694,0.437,9,37,0.339,0,0,0.022,,,,2026-07-03T07:31:29+02:00,"AMD Ryzen 9 3950X 16-Core Processor 32T",1.689,0.046,0.329,0.02,0,0,0,0,0
d_fix,E-n76-k7_b,76,2850,-5.792,-5.792,0,8.978,300,19,1011,125,306,99,0.057,6,55,0.137,631,96,0.069,3,10,0.051,0,0,0.002,,,,2026-07-03T07:31:38+02:00,"AMD Ryzen 9 3950X 16-Core Processor 32T",0.221,0.011,0,0.01,0,0,0,0,0
d_fix,E-n76-k8_a,76,2850,-6.635,-6.635,0,58.306,300,2260,4432,559,2086,481,0.187,5,158,0.631,2192,417,0.27,1,18,0.197,0,0,0.012,,,,2026-07-03T07:32:37+02:00,"AMD Ryzen 9 3950X 16-Core Processor 32T",1.038,0.024,0.13,0.001,0,0,0,0,0
d_fix,E-n76-k8_b,76,2850,-19.209,-19.209,0,1.028,300,1,490,49,139,49,0.031,0,33,0.057,351,49,0.029,0,5,0.02,0,0,0.001,,,,2026-07-03T07:32:38+02:00,"AMD Ryzen 9 3950X 16-Core Processor 32T",0.079,0,0,0,0,0,0,0,0
d_fix,F-n135-k7_a,135,9045,-13.856,-19.318,0.394,300.091,300,14882,10330,1096,7174,1006,2.137,10,743,1.592,2874,1006,1.873,2,97,1.548,0,0,0.029,,,,2026-07-03T07:37:38+02:00,"AMD Ryzen 9 3950X 16-Core Processor 32T",3.011,1.772,9.285,1.501,0,0,0,0,0
d_fix,F-n45-k4_a,45,990,-13.714,-13.714,0,0.282,300,1,220,22,102,22,0.003,0,10,0.021,118,22,0.004,0,9,0.004,0,0,0,,,,2026-07-03T07:37:39+02:00,"AMD Ryzen 9 3950X 16-Core Processor 32T",0.027,0,0,0,0,0,0,0,0
d_fix,F-n72-k4_a,72,2556,0.005,0.005,0,1.789,300,13,641,72,410,64,0.026,4,36,0.077,203,60,0.028,0,4,0.02,0,0,0.001,,,,2026-07-03T07:37:41+02:00,"AMD Ryzen 9 3950X 16-Core Processor 32T",0.102,0.011,0,0.01,0,0,0,0,0
d_fix,M-n121-k7_a,121,7260,-11.979,-21.909,0.829,300.015,300,3893,6160,680,3171,589,1.358,31,373,1.067,2687,588,1.25,1,68,1.025,0,0,0.026,,,,2026-07-03T07:42:41+02:00,"AMD Ryzen 9 3950X 16-Core Processor 32T",2.088,1.016,0.971,0.94,0,0,0,0,0
d_fix,M-n121-k7_b,121,7260,-8.674,-21.609,1.491,300.051,300,5118,8042,885,4115,770,1.549,19,452,1.309,3560,768,1.454,3,92,1.212,0,0,0.034,,,,2026-07-03T07:47:41+02:00,"AMD Ryzen 9 3950X 16-Core Processor 32T",2.641,0.17,1.341,0.047,0,0,0,0,0
d_fix,M-n151-k12_a,151,11325,-3.25,-15.988,3.919,300.054,300,1964,3073,329,760,299,0.786,5,152,0.54,2213,298,0.819,5,13,0.656,0,0,0.016,,,,2026-07-03T07:52:41+02:00,"AMD Ryzen 9 3950X 16-Core Processor 32T",1.674,0.12,0.772,0.053,0,0,0,0,0
d_fix,M-n151-k12_b,151,11325,-3.509,-13.811,2.936,300.054,300,1810,3271,369,955,316,0.805,11,183,0.567,2159,314,0.876,0,5,0.677,0,0,0.017,,,,2026-07-03T07:57:45+02:00,"AMD Ryzen 9 3950X 16-Core Processor 32T",1.657,0.083,0.754,0.005,0,0,0,0,0
d_fix,M-n200-k16_a,200,19900,1.528,-21.275,14.923,300.055,300,561,2485,273,481,238,1.017,2,153,0.433,1897,238,0.898,0,3,0.711,0,0,0.014,,,,2026-07-03T08:02:45+02:00,"AMD Ryzen 9 3950X 16-Core Processor 32T",1.662,0.038,0.207,0.005,0,0,0,0,0
d_fix,M-n200-k16_b,200,19900,1.465,-29.094,20.859,300.061,300,2303,5780,662,2657,542,2.018,0,401,0.941,2763,542,1.74,0,17,1.394,0,0,0.025,,,,2026-07-03T08:07:45+02:00,"AMD Ryzen 9 3950X 16-Core Processor 32T",2.655,0.154,1.002,0.002,0,0,0,0,0
d_fix,M-n200-k17_a,200,19900,-5.102,-22.339,3.378,300.054,300,461,2390,267,348,231,0.995,0,152,0.429,1948,231,0.897,2,12,0.711,0,0,0.011,,,,2026-07-03T08:12:45+02:00,"AMD Ryzen 9 3950X 16-Core Processor 32T",1.836,0.278,0.216,0.251,0,0,0,0,0
d_fix,M-n200-k17_b,200,19900,-0,-17.539,4.19671939352194e+15,300.069,300,1089,3110,325,893,305,1.294,3,179,0.556,2154,305,1.148,0,7,0.912,0,0,0.019,,,,2026-07-03T08:17:46+02:00,"AMD Ryzen 9 3950X 16-Core Processor 32T",1.901,0.066,0.542,0.006,0,0,0,0,0
d_fix,P-n101-k4_a,101,5050,-7.219,-7.219,0,21.929,300,166,1105,131,525,108,0.184,3,58,0.177,525,95,0.204,1,23,0.178,0,0,0.004,,,,2026-07-03T08:18:08+02:00,"AMD Ryzen 9 3950X 16-Core Processor 32T",0.408,0.029,0,0.024,0,0,0,0,0
d_fix,P-n101-k4_b,101,5050,-13.17,-13.17,0,1.209,300,1,400,40,300,40,0.066,0,16,0.06,100,40,0.065,0,4,0.049,0,0,0.001,,,,2026-07-03T08:18:09+02:00,"AMD Ryzen 9 3950X 16-Core Processor 32T",0.105,0,0,0,0,0,0,0,0
d_fix,P-n70-k10_a,70,2415,-2.852,-2.852,0,35.977,300,1389,3838,490,1956,421,0.076,28,89,0.417,1771,388,0.124,1,11,0.095,0,0,0.008,,,,2026-07-03T08:18:45+02:00,"AMD Ryzen 9 3950X 16-Core Processor 32T",0.63,0.012,0.043,0.001,0,0,0,0,0
d_fix,P-n70-k10_b,70,2415,-2.477,-2.477,0,18.87,300,210,1633,237,647,188,0.035,8,39,0.2,879,160,0.06,0,2,0.045,0,0,0.003,,,,2026-07-03T08:19:04+02:00,"AMD Ryzen 9 3950X 16-Core Processor 32T",0.312,0.004,0.007,0,0,0,0,0,0
d_fix,P-n76-k4_a,76,2850,-2.903,-2.903,0,19.505,300,1631,2474,287,1585,248,0.142,5,85,0.36,796,195,0.175,4,26,0.14,0,0,0.008,,,,2026-07-03T08:19:24+02:00,"AMD Ryzen 9 3950X 16-Core Processor 32T",0.545,0.015,0.386,0.003,0,0,0,0,0
d_fix,P-n76-k4_b,76,2850,-13.164,-13.164,0,0.78,300,1,410,41,125,41,0.037,0,25,0.057,285,41,0.032,0,8,0.028,0,0,0,,,,2026-07-03T08:19:25+02:00,"AMD Ryzen 9 3950X 16-Core Processor 32T",0.081,0,0,0,0,0,0,0,0
d_fix,P-n76-k5_a,76,2850,-3.96,-3.96,0,27.945,300,997,4178,462,2718,426,0.191,11,134,0.589,1364,381,0.269,1,29,0.222,0,0,0.013,,,,2026-07-03T08:19:53+02:00,"AMD Ryzen 9 3950X 16-Core Processor 32T",0.924,0.013,0.167,0.005,0,0,0,0,0
d_fix,P-n76-k5_b,76,2850,-13.64,-13.64,0,0.888,300,1,450,45,141,45,0.037,0,33,0.06,309,45,0.035,0,5,0.026,0,0,0.001,,,,2026-07-03T08:19:54+02:00,"AMD Ryzen 9 3950X 16-Core Processor 32T",0.084,0,0,0,0,0,0,0,0
spi_off,A-n54-k7-149,54,1431,-12492,-12492,0,12.688,300,156,1478,169,563,149,0.024,3,54,0.143,852,136,0.031,,,,,,,,,,2026-07-03T08:20:07+02:00,"AMD Ryzen 9 3950X 16-Core Processor 32T",0.204,0.011,0,0.009,0,0,0,0,0
spi_off,A-n60-k9-57,60,1770,-1000,-1000,0,88.034,300,6127,7270,911,4080,854,0.109,47,149,0.733,3010,676,0.174,,,,,,,,,,2026-07-03T08:21:35+02:00,"AMD Ryzen 9 3950X 16-Core Processor 32T",1.105,0.051,0.183,0,0,0,0,0,0
spi_off,A-n61-k9-80,61,1830,-23549,-23549,0,11.27,300,144,1287,182,527,135,0.023,3,42,0.123,679,109,0.032,,,,,,,,,,2026-07-03T08:21:47+02:00,"AMD Ryzen 9 3950X 16-Core Processor 32T",0.184,0.004,0,0.001,0,0,0,0,0
spi_off,A-n62-k8-99,62,1891,-35969,-35971,0,31.473,300,858,2393,263,762,238,0.067,7,109,0.298,1564,236,0.087,,,,,,,,,,2026-07-03T08:22:18+02:00,"AMD Ryzen 9 3950X 16-Core Processor 32T",0.43,0.049,0.044,0.039,0,0,0,0,0
spi_off,A-n63-k10-44,63,1953,-32561,-32561,0,5.44,300,29,887,104,213,89,0.02,0,45,0.088,631,84,0.023,,,,,,,,,,2026-07-03T08:22:24+02:00,"AMD Ryzen 9 3950X 16-Core Processor 32T",0.124,0.091,0,0.09,0,0,0,0,0
spi_off,A-n63-k9-157,63,1953,-24189,-24189,0,9.535,300,23,995,132,311,110,0.023,0,50,0.099,657,93,0.027,,,,,,,,,,2026-07-03T08:22:33+02:00,"AMD Ryzen 9 3950X 16-Core Processor 32T",0.15,0.001,0,0,0,0,0,0,0
spi_off,A-n64-k9-45,64,2016,-50550,-50550,0,26.359,300,587,1895,209,747,188,0.055,0,79,0.204,1088,182,0.063,,,,,,,,,,2026-07-03T08:23:00+02:00,"AMD Ryzen 9 3950X 16-Core Processor 32T",0.294,0.023,0.014,0.015,0,0,0,0,0
spi_off,A-n65-k9-10,65,2080,-42835,-42835,0,6.294,300,9,1135,157,434,124,0.024,2,46,0.122,642,104,0.036,,,,,,,,,,2026-07-03T08:23:06+02:00,"AMD Ryzen 9 3950X 16-Core Processor 32T",0.183,0.002,0,0.001,0,0,0,0,0
spi_off,A-n69-k9-42,69,2346,-43290,-43290,0,4.008,300,5,970,116,272,93,0.029,2,49,0.1,661,95,0.036,,,,,,,,,,2026-07-03T08:23:10+02:00,"AMD Ryzen 9 3950X 16-Core Processor 32T",0.141,0.018,0,0.017,0,0,0,0,0
spi_off,A-n80-k10-14,80,3160,-105283,-105283,0,50.57,300,2850,5595,612,2557,537,0.26,0,393,0.555,2813,536,0.253,,,,,,,,,,2026-07-03T08:24:01+02:00,"AMD Ryzen 9 3950X 16-Core Processor 32T",0.782,0.048,0.171,0.015,0,0,0,0,0
spi_off,B-n45-k6-54,45,990,-74278,-74278,0,5.466,300,171,1080,131,548,110,0.011,9,47,0.09,463,93,0.014,,,,,,,,,,2026-07-03T08:24:07+02:00,"AMD Ryzen 9 3950X 16-Core Processor 32T",0.119,0.002,0,0.001,0,0,0,0,0
spi_off,B-n50-k8-40,50,1225,-12832,-12832,0,15.245,300,441,1497,173,451,145,0.021,17,86,0.132,954,143,0.026,,,,,,,,,,2026-07-03T08:24:22+02:00,"AMD Ryzen 9 3950X 16-Core Processor 32T",0.181,0.007,0.01,0.003,0,0,0,0,0
spi_off,B-n52-k7-15,52,1326,-74998,-74998,0,3.016,300,84,843,96,437,80,0.011,7,38,0.061,354,79,0.011,,,,,,,,,,2026-07-03T08:24:25+02:00,"AMD Ryzen 9 3950X 16-Core Processor 32T",0.081,0.003,0,0.003,0,0,0,0,0
spi_off,B-n57-k7-20,57,1596,-867154,-867154,0,3.503,300,3,875,98,824,83,0.014,0,21,0.076,6,81,0.017,,,,,,,,,,2026-07-03T08:24:29+02:00,"AMD Ryzen 9 3950X 16-Core Processor 32T",0.105,0.084,0,0.084,0,0,0,0,0
spi_off,B-n66-k9-50,66,2145,-26520,-26520,0,55.026,300,2149,3469,373,1440,337,0.123,9,146,0.432,1915,330,0.145,,,,,,,,,,2026-07-03T08:25:24+02:00,"AMD Ryzen 9 3950X 16-Core Processor 32T",0.593,0.017,0.08,0.002,0,0,0,0,0
spi_off,B-n67-k10-26,67,2211,-21924,-21924,0,2.884,300,9,1048,137,316,101,0.023,4,46,0.086,665,98,0.026,,,,,,,,,,2026-07-03T08:25:27+02:00,"AMD Ryzen 9 3950X 16-Core Processor 32T",0.119,0.001,0,0,0,0,0,0,0
spi_off,B-n68-k9-65,68,2278,-31001,-31001,0,35.267,300,905,2659,312,1175,264,0.071,6,102,0.276,1349,243,0.09,,,,,,,,,,2026-07-03T08:26:03+02:00,"AMD Ryzen 9 3950X 16-Core Processor 32T",0.391,0.026,0.034,0.015,0,0,0,0,0
spi_off,B-n78-k10-70,78,3003,-44333,-44333,0,23.461,300,110,1410,173,537,137,0.063,2,74,0.16,782,128,0.069,,,,,,,,,,2026-07-03T08:26:26+02:00,"AMD Ryzen 9 3950X 16-Core Processor 32T",0.234,0.005,0,0.001,0,0,0,0,0
spi_off,E-n101-k14-158,101,5050,-3590,-8865,1.469,300.036,300,4528,7969,897,3167,841,0.499,26,184,1.212,4653,816,0.763,,,,,,,,,,2026-07-03T08:31:26+02:00,"AMD Ryzen 9 3950X 16-Core Processor 32T",2.23,0.134,0.31,0.044,0,0,0,0,0
spi_off,E-n101-k8-291,101,5050,-4266,-4266,0,28.696,300,535,1511,207,823,143,0.134,7,62,0.211,579,124,0.149,,,,,,,,,,2026-07-03T08:31:55+02:00,"AMD Ryzen 9 3950X 16-Core Processor 32T",0.317,0.016,0.067,0.005,0,0,0,0,0
spi_off,E-n76-k10-72,76,2850,-25241,-25241,0,12.943,300,63,1000,142,361,95,0.037,2,47,0.119,563,89,0.046,,,,,,,,,,2026-07-03T08:32:08+02:00,"AMD Ryzen 9 3950X 16-Core Processor 32T",0.175,0.005,0,0.003,0,0,0,0,0
spi_off,E-n76-k14-102,76,2850,-1,-1,0,99.171,300,2652,6665,981,3462,862,0.132,49,108,0.681,3109,757,0.234,,,,,,,,,,2026-07-03T08:33:48+02:00,"AMD Ryzen 9 3950X 16-Core Processor 32T",1.191,0.035,0.06,0.001,0,0,0,0,0
spi_off,E-n76-k15-40,76,2850,-1,-1,0,96.621,300,3129,5738,867,2888,745,0.117,35,90,0.632,2721,656,0.225,,,,,,,,,,2026-07-03T08:35:24+02:00,"AMD Ryzen 9 3950X 16-Core Processor 32T",1.101,0.041,0.079,0.002,0,0,0,0,0
spi_off,E-n76-k7-44,76,2850,-22214,-22214,0,6.982,300,27,976,116,359,97,0.054,5,63,0.125,576,93,0.058,,,,,,,,,,2026-07-03T08:35:32+02:00,"AMD Ryzen 9 3950X 16-Core Processor 32T",0.184,0.057,0,0.056,0,0,0,0,0
spi_off,G-n262-k25-316,262,34191,-1426535,-1426535,0,56.914,300,51,1605,193,1419,153,1.098,1,107,0.326,110,153,1.013,,,,,,,,,,2026-07-03T08:36:29+02:00,"AMD Ryzen 9 3950X 16-Core Processor 32T",1.408,0,0,0,0,0,0,0,0
spi_off,M-n101-k10-97,101,5050,-32628,-32628,0,18.761,300,641,1790,200,1302,170,0.105,0,53,0.172,398,169,0.106,,,,,,,,,,2026-07-03T08:36:48+02:00,"AMD Ryzen 9 3950X 16-Core Processor 32T",0.237,0.016,0.089,0.004,0,0,0,0,0
spi_off,M-n121-k7-260,121,7260,-160097,-160110,0,184.188,300,1385,3875,409,2629,381,0.793,0,215,0.681,1171,378,0.732,,,,,,,,,,2026-07-03T08:39:52+02:00,"AMD Ryzen 9 3950X 16-Core Processor 32T",1.271,0.613,0.382,0.579,0,0,0,0,0
spi_off,M-n151-k12-15,151,11325,-79996,-86800,0.085,300.048,300,6086,10034,1059,6893,982,2.406,0,675,1.655,2916,978,2.198,,,,,,,,,,2026-07-03T08:44:52+02:00,"AMD Ryzen 9 3950X 16-Core Processor 32T",3.357,0.298,2,0.119,0,0,0,4099,0
spi_off,M-n200-k16-143,200,19900,-198792,-198792,0,79.162,300,1,983,102,925,97,0.256,0,64,0.13,43,95,0.227,,,,,,,,,,2026-07-03T08:46:12+02:00,"AMD Ryzen 9 3950X 16-Core Processor 32T",0.341,0.078,0,0.077,0,0,0,0,0
spi_off,M-n200-k17-12,200,19900,-121210,-125817,0.038,300.072,300,4154,9805,1040,7616,955,3.616,0,734,1.689,1934,955,3.078,,,,,,,,,,2026-07-03T08:51:12+02:00,"AMD Ryzen 9 3950X 16-Core Processor 32T",4.517,0.533,1.484,0.337,0,0,0,819,0
spi_off,P-n101-k4-174,101,5050,-17702,-17702,0,17.749,300,120,1170,140,517,116,0.23,1,79,0.202,631,113,0.222,,,,,,,,,,2026-07-03T08:51:30+02:00,"AMD Ryzen 9 3950X 16-Core Processor 32T",0.426,0.136,0,0.132,0,0,0,0,0
spi_off,P-n50-k10-24,50,1225,-2965,-2965,0,10.728,300,394,1133,204,418,142,0.011,5,23,0.115,606,123,0.019,,,,,,,,,,2026-07-03T08:51:41+02:00,"AMD Ryzen 9 3950X 16-Core Processor 32T",0.168,0.005,0.005,0.001,0,0,0,0,0
spi_off,P-n50-k7-92,50,1225,-2,-2,0,13.784,300,955,2437,356,1390,280,0.026,8,58,0.239,966,224,0.041,,,,,,,,,,2026-07-03T08:51:54+02:00,"AMD Ryzen 9 3950X 16-Core Processor 32T",0.34,0.008,0.016,0.003,0,0,0,0,0
spi_off,P-n50-k8-19,50,1225,-83307,-83307,0,1.491,300,19,550,69,324,53,0.005,2,9,0.033,195,53,0.005,,,,,,,,,,2026-07-03T08:51:56+02:00,"AMD Ryzen 9 3950X 16-Core Processor 32T",0.045,0.001,0,0,0,0,0,0,0
spi_off,P-n51-k10-30,51,1275,-2,-2,0,20.575,300,1707,2641,404,1272,334,0.023,12,52,0.241,1289,282,0.042,,,,,,,,,,2026-07-03T08:52:17+02:00,"AMD Ryzen 9 3950X 16-Core Processor 32T",0.355,0.011,0.029,0,0,0,0,0,0
spi_off,P-n55-k10-44,55,1485,-1090,-1090,0,20.369,300,1020,1906,308,878,255,0.026,5,39,0.204,941,182,0.043,,,,,,,,,,2026-07-03T08:52:37+02:00,"AMD Ryzen 9 3950X 16-Core Processor 32T",0.314,0.009,0.015,0.002,0,0,0,0,0
spi_off,P-n55-k15-88,55,1485,-2,-2,0,35.055,300,2656,2074,486,1066,370,0.017,23,35,0.187,930,281,0.033,,,,,,,,,,2026-07-03T08:53:13+02:00,"AMD Ryzen 9 3950X 16-Core Processor 32T",0.303,0.02,0.023,0,0,0,0,0,0
spi_off,P-n55-k7-116,55,1485,-17824,-17824,0,2.332,300,15,610,82,217,62,0.011,5,30,0.065,352,57,0.015,,,,,,,,,,2026-07-03T08:53:15+02:00,"AMD Ryzen 9 3950X 16-Core Processor 32T",0.096,0.001,0,0,0,0,0,0,0
spi_off,P-n55-k8-260,55,1485,-3573,-3573,0,11.144,300,315,1114,149,451,110,0.02,1,47,0.111,581,99,0.024,,,,,,,,,,2026-07-03T08:53:26+02:00,"AMD Ryzen 9 3950X 16-Core Processor 32T",0.154,0.007,0.003,0.004,0,0,0,0,0
spi_off,P-n60-k10-24,60,1770,-15001,-15001,0,2.314,300,21,626,85,220,63,0.009,3,23,0.052,377,66,0.013,,,,,,,,,,2026-07-03T08:53:29+02:00,"AMD Ryzen 9 3950X 16-Core Processor 32T",0.079,0.001,0,0,0,0,0,0,0
spi_off,P-n60-k15-8,60,1770,-534,-534,0,23.974,300,850,1507,314,685,248,0.017,13,33,0.158,739,171,0.035,,,,,,,,,,2026-07-03T08:53:53+02:00,"AMD Ryzen 9 3950X 16-Core Processor 32T",0.254,0.009,0.008,0.001,0,0,0,0,0
spi_off,P-n65-k10-102,65,2080,-3,-3,0,32.821,300,1918,4349,605,2304,521,0.065,26,97,0.394,1941,427,0.103,,,,,,,,,,2026-07-03T08:54:26+02:00,"AMD Ryzen 9 3950X 16-Core Processor 32T",0.599,0.019,0.05,0.002,0,0,0,0,0
spi_off,P-n70-k10-12,70,2415,-70317,-70317,0,1.165,300,1,633,72,292,62,0.011,0,41,0.042,314,60,0.014,,,,,,,,,,2026-07-03T08:54:27+02:00,"AMD Ryzen 9 3950X 16-Core Processor 32T",0.062,0.002,0,0.002,0,0,0,0,0
spi_off,P-n76-k4-41,76,2850,-88276,-88276,0,8.623,300,101,1375,149,880,133,0.102,0,101,0.184,450,133,0.096,,,,,,,,,,2026-07-03T08:54:36+02:00,"AMD Ryzen 9 3950X 16-Core Processor 32T",0.284,0.014,0,0.012,0,0,0,0,0
spi_off,P-n76-k5-16,76,2850,-107633,-107633,0,1.906,300,1,570,62,445,55,0.027,0,34,0.064,104,51,0.027,,,,,,,,,,2026-07-03T08:54:38+02:00,"AMD Ryzen 9 3950X 16-Core Processor 32T",0.101,0.003,0,0.003,0,0,0,0,0
spi_off,E-n101-k14_a,101,5050,-6.667,-6.667,0,101.045,300,925,4823,543,1692,500,0.328,17,154,0.708,3072,501,0.443,,,,,,,,,,2026-07-03T08:56:19+02:00,"AMD Ryzen 9 3950X 16-Core Processor 32T",1.208,0.03,0.063,0.009,0,0,0,0,0
spi_off,E-n101-k14_b,101,5050,-0.002,-10.748,5373,300.04,300,5787,4980,632,1764,530,0.28,14,161,0.755,3080,530,0.451,,,,,,,,,,2026-07-03T09:01:19+02:00,"AMD Ryzen 9 3950X 16-Core Processor 32T",1.467,0.127,0.365,0.018,0,0,0,0,0
spi_off,E-n101-k8_a,101,5050,-23.977,-23.977,0,32.731,300,405,1499,180,522,137,0.168,1,90,0.203,847,137,0.16,,,,,,,,,,2026-07-03T09:01:52+02:00,"AMD Ryzen 9 3950X 16-Core Processor 32T",0.321,0.017,0.059,0.004,0,0,0,0,0
spi_off,E-n101-k8_b,101,5050,-18.738,-18.738,0,2.905,300,1,710,71,279,71,0.093,0,40,0.092,431,71,0.084,,,,,,,,,,2026-07-03T09:01:55+02:00,"AMD Ryzen 9 3950X 16-Core Processor 32T",0.152,0,0,0,0,0,0,0,0
spi_off,E-n76-k10_a,76,2850,-3.81,-3.81,0,53.387,300,1354,4964,612,2370,557,0.142,17,106,0.602,2504,511,0.226,,,,,,,,,,2026-07-03T09:02:49+02:00,"AMD Ryzen 9 3950X 16-Core Processor 32T",0.996,0.017,0.069,0.001,0,0,0,0,0
spi_off,E-n76-k10_b,76,2850,-8.138,-8.138,0,7.647,300,15,1014,118,180,99,0.041,3,62,0.118,786,99,0.047,,,,,,,,,,2026-07-03T09:02:57+02:00,"AMD Ryzen 9 3950X 16-Core Processor 32T",0.179,0.022,0,0.022,0,0,0,0,0
spi_off,E-n76-k14_a,76,2850,-3.788,-3.788,0,54.634,300,1499,3462,485,1570,423,0.075,22,63,0.391,1805,379,0.135,,,,,,,,,,2026-07-03T09:03:51+02:00,"AMD Ryzen 9 3950X 16-Core Processor 32T",0.638,0.019,0.035,0.001,0,0,0,0,0
spi_off,E-n76-k14_b,76,2850,-0.002,-0.002,0,119.034,300,4066,5471,868,2818,756,0.11,32,86,0.583,2537,604,0.202,,,,,,,,,,2026-07-03T09:05:51+02:00,"AMD Ryzen 9 3950X 16-Core Processor 32T",1.005,0.055,0.087,0.007,0,0,0,0,0
spi_off,E-n76-k7_a,76,2850,-6.032,-6.032,0,45.786,300,1506,4569,513,2419,467,0.22,15,168,0.62,2035,410,0.28,,,,,,,,,,2026-07-03T09:06:37+02:00,"AMD Ryzen 9 3950X 16-Core Processor 32T",0.965,0.036,0.144,0.02,0,0,0,0,0
spi_off,E-n76-k7_b,76,2850,-5.792,-5.792,0,6.041,300,5,991,110,308,104,0.06,6,55,0.143,665,98,0.072,,,,,,,,,,2026-07-03T09:06:43+02:00,"AMD Ryzen 9 3950X 16-Core Processor 32T",0.237,0.035,0,0.034,0,0,0,0,0
spi_off,E-n76-k8_a,76,2850,-6.635,-6.635,0,53.629,300,2040,4009,489,1730,426,0.182,8,163,0.572,2135,375,0.248,,,,,,,,,,2026-07-03T09:07:36+02:00,"AMD Ryzen 9 3950X 16-Core Processor 32T",0.912,0.025,0.115,0.001,0,0,0,0,0
spi_off,E-n76-k8_b,76,2850,-19.209,-19.209,0,1.066,300,1,490,49,139,49,0.03,0,33,0.057,351,49,0.029,,,,,,,,,,2026-07-03T09:07:38+02:00,"AMD Ryzen 9 3950X 16-Core Processor 32T",0.077,0,0,0,0,0,0,0,0
spi_off,F-n135-k7_a,135,9045,-13.856,-21.881,0.579,300.012,300,13952,7391,786,4802,719,1.331,25,438,1.093,2363,719,1.197,,,,,,,,,,2026-07-03T09:12:38+02:00,"AMD Ryzen 9 3950X 16-Core Processor 32T",1.878,1.821,7.848,1.559,0,0,0,0,0
spi_off,F-n45-k4_a,45,990,-13.714,-13.714,0,0.406,300,1,220,22,102,22,0.003,0,10,0.02,118,22,0.004,,,,,,,,,,2026-07-03T09:12:38+02:00,"AMD Ryzen 9 3950X 16-Core Processor 32T",0.025,0,0,0,0,0,0,0,0
spi_off,F-n72-k4_a,72,2556,0.005,0.005,0,5.011,300,13,641,72,410,64,0.025,4,36,0.074,203,60,0.026,,,,,,,,,,2026-07-03T09:12:44+02:00,"AMD Ryzen 9 3950X 16-Core Processor 32T",0.097,0.01,0,0.01,0,0,0,0,0
spi_off,M-n121-k7_a,121,7260,-11.979,-21.828,0.822,300.032,300,3665,6610,710,3407,643,1.49,30,414,1.168,2993,641,1.332,,,,,,,,,,2026-07-03T09:17:44+02:00,"AMD Ryzen 9 3950X 16-Core Processor 32T",2.236,0.726,0.82,0.648,0,0,0,0,0
spi_off,M-n121-k7_b,121,7260,-8.674,-21.716,1.504,300.021,300,5111,8422,923,4336,808,1.713,19,502,1.397,3722,808,1.6,,,,,,,,,,2026-07-03T09:22:44+02:00,"AMD Ryzen 9 3950X 16-Core Processor 32T",2.857,0.179,1.455,0.047,0,0,0,0,0
spi_off,M-n151-k12_a,151,11325,-2.759,-14.641,4.307,300.072,300,2269,3859,407,1298,377,0.99,10,191,0.682,2461,377,0.999,,,,,,,,,,2026-07-03T09:27:44+02:00,"AMD Ryzen 9 3950X 16-Core Processor 32T",1.873,0.152,0.818,0.066,0,0,0,0,0
spi_off,M-n151-k12_b,151,11325,-3.509,-13.811,2.936,300.055,300,1788,3271,369,955,316,0.804,11,183,0.569,2159,314,0.855,,,,,,,,,,2026-07-03T09:32:44+02:00,"AMD Ryzen 9 3950X 16-Core Processor 32T",1.63,0.087,0.728,0.005,0,0,0,0,0
spi_off,M-n200-k16_a,200,19900,1.528,-21.275,14.923,300.066,300,502,2485,273,481,238,1.02,2,153,0.432,1897,238,0.892,,,,,,,,,,2026-07-03T09:37:45+02:00,"AMD Ryzen 9 3950X 16-Core Processor 32T",1.662,0.04,0.225,0.006,0,0,0,0,0
spi_off,M-n200-k16_b,200,19900,1.465,-31.765,22.683,300.168,300,2303,5650,649,2657,529,1.946,0,388,0.918,2633,529,1.669,,,,,,,,,,2026-07-03T09:42:45+02:00,"AMD Ryzen 9 3950X 16-Core Processor 32T",2.511,0.166,0.978,0.002,0,0,0,0,0
spi_off,M-n200-k17_a,200,19900,-5.102,-21.962,3.305,300.381,300,504,2357,261,349,228,0.987,1,148,0.432,1947,235,0.88,,,,,,,,,,2026-07-03T09:47:46+02:00,"AMD Ryzen 9 3950X 16-Core Processor 32T",1.868,0.294,0.117,0.261,0,0,0,0,0
spi_off,M-n200-k17_b,200,19900,-0,-17.539,4.19671939352194e+15,300.052,300,1016,2930,307,799,287,1.228,3,168,0.521,2068,287,1.053,,,,,,,,,,2026-07-03T09:52:46+02:00,"AMD Ryzen 9 3950X 16-Core Processor 32T",1.787,0.072,0.523,0.006,0,0,0,0,0
spi_off,P-n101-k4_a,101,5050,-7.219,-7.219,0,22.965,300,166,1105,131,525,108,0.188,3,58,0.176,526,95,0.2,,,,,,,,,,2026-07-03T09:53:09+02:00,"AMD Ryzen 9 3950X 16-Core Processor 32T",0.399,0.031,0,0.025,0,0,0,0,0
spi_off,P-n101-k4_b,101,5050,-13.17,-13.17,0,2.516,300,1,400,40,300,40,0.07,0,16,0.059,100,40,0.064,,,,,,,,,,2026-07-03T09:53:12+02:00,"AMD Ryzen 9 3950X 16-Core Processor 32T",0.101,0,0,0,0,0,0,0,0
spi_off,P-n70-k10_a,70,2415,-2.852,-2.852,0,35.743,300,1389,3838,490,1956,421,0.074,28,89,0.408,1772,388,0.127,,,,,,,,,,2026-07-03T09:53:48+02:00,"AMD Ryzen 9 3950X 16-Core Processor 32T",0.616,0.014,0.045,0.001,0,0,0,0,0
spi_off,P-n70-k10_b,70,2415,-2.477,-2.477,0,18.363,300,210,1633,237,647,188,0.038,8,39,0.197,879,160,0.062,,,,,,,,,,2026-07-03T09:54:06+02:00,"AMD Ryzen 9 3950X 16-Core Processor 32T",0.307,0.004,0.007,0,0,0,0,0,0
spi_off,P-n76-k4_a,76,2850,-2.903,-2.903,0,19.023,300,1484,2345,274,1467,233,0.131,5,69,0.336,789,190,0.172,,,,,,,,,,2026-07-03T09:54:25+02:00,"AMD Ryzen 9 3950X 16-Core Processor 32T",0.516,0.015,0.283,0.003,0,0,0,0,0
spi_off,P-n76-k4_b,76,2850,-13.164,-13.164,0,1.005,300,1,410,41,125,41,0.036,0,25,0.055,285,41,0.034,,,,,,,,,,2026-07-03T09:54:26+02:00,"AMD Ryzen 9 3950X 16-Core Processor 32T",0.076,0,0,0,0,0,0,0,0
spi_off,P-n76-k5_a,76,2850,-3.96,-3.96,0,27.709,300,1083,3845,424,2466,385,0.182,14,129,0.517,1283,351,0.245,,,,,,,,,,2026-07-03T09:54:54+02:00,"AMD Ryzen 9 3950X 16-Core Processor 32T",0.778,0.012,0.176,0.002,0,0,0,0,0
spi_off,P-n76-k5_b,76,2850,-13.64,-13.64,0,1.033,300,1,450,45,141,45,0.037,0,33,0.056,309,45,0.033,,,,,,,,,,2026-07-03T09:54:55+02:00,"AMD Ryzen 9 3950X 16-Core Processor 32T",0.081,0,0,0,0,0,0,0,0
spi_on,A-n54-k7-149,54,1431,-12492,-12492,0,12.681,300,156,1478,169,563,149,0.024,3,54,0.145,852,136,0.031,,,,,,,0,0,0,2026-07-03T09:55:08+02:00,"AMD Ryzen 9 3950X 16-Core Processor 32T",0.208,0.012,0,0.009,0,0,0,0,0
spi_on,A-n60-k9-57,60,1770,-1000,-1000,0,88.026,300,6127,7270,911,4080,854,0.108,47,149,0.731,3010,676,0.17,,,,,,,0,0,0.001,2026-07-03T09:56:36+02:00,"AMD Ryzen 9 3950X 16-Core Processor 32T",1.108,0.05,0.189,0,0,0,0,0,0
spi_on,A-n61-k9-80,61,1830,-23549,-23549,0,11.302,300,144,1287,182,527,135,0.023,3,42,0.124,679,109,0.032,,,,,,,0,0,0,2026-07-03T09:56:48+02:00,"AMD Ryzen 9 3950X 16-Core Processor 32T",0.188,0.004,0,0.001,0,0,0,0,0
spi_on,A-n62-k8-99,62,1891,-35969,-35971,0,31.421,300,858,2393,263,762,238,0.066,7,109,0.298,1564,236,0.082,,,,,,,0,0,0,2026-07-03T09:57:19+02:00,"AMD Ryzen 9 3950X 16-Core Processor 32T",0.432,0.049,0.04,0.039,0,0,0,0,0
spi_on,A-n63-k10-44,63,1953,-32561,-32561,0,5.316,300,29,887,104,213,89,0.021,0,45,0.086,631,84,0.024,,,,,,,0,0,0,2026-07-03T09:57:25+02:00,"AMD Ryzen 9 3950X 16-Core Processor 32T",0.122,0.089,0,0.088,0,0,0,0,0
spi_on,A-n63-k9-157,63,1953,-24189,-24189,0,9.611,300,23,995,132,311,110,0.023,0,50,0.102,657,93,0.027,,,,,,,0,0,0,2026-07-03T09:57:35+02:00,"AMD Ryzen 9 3950X 16-Core Processor 32T",0.155,0.001,0,0,0,0,0,0,0
spi_on,A-n64-k9-45,64,2016,-50550,-50550,0,26.232,300,587,1895,209,747,188,0.057,0,79,0.208,1088,182,0.064,,,,,,,0,0,0,2026-07-03T09:58:01+02:00,"AMD Ryzen 9 3950X 16-Core Processor 32T",0.3,0.022,0.015,0.015,0,0,0,0,0
spi_on,A-n65-k9-10,65,2080,-42835,-42835,0,6.307,300,9,1135,157,434,124,0.025,2,46,0.123,642,104,0.037,,,,,,,0,0,0,2026-07-03T09:58:08+02:00,"AMD Ryzen 9 3950X 16-Core Processor 32T",0.184,0.002,0,0.001,0,0,0,0,0
spi_on,A-n69-k9-42,69,2346,-43290,-43290,0,4.016,300,5,970,116,272,93,0.03,2,49,0.103,661,95,0.034,,,,,,,0,0,0,2026-07-03T09:58:12+02:00,"AMD Ryzen 9 3950X 16-Core Processor 32T",0.145,0.017,0,0.016,0,0,0,0,0
spi_on,A-n80-k10-14,80,3160,-105283,-105283,0,50.878,300,2850,5595,612,2557,537,0.264,0,393,0.566,2813,536,0.248,,,,,,,0,0,0,2026-07-03T09:59:03+02:00,"AMD Ryzen 9 3950X 16-Core Processor 32T",0.796,0.048,0.176,0.015,0,0,0,0,0
spi_on,B-n45-k6-54,45,990,-74278,-74278,0,5.514,300,171,1080,131,548,110,0.011,9,47,0.093,463,93,0.014,,,,,,,0,0,0,2026-07-03T09:59:08+02:00,"AMD Ryzen 9 3950X 16-Core Processor 32T",0.124,0.002,0,0.001,0,0,0,0,0
spi_on,B-n50-k8-40,50,1225,-12832,-12832,0,15.279,300,441,1497,173,451,145,0.021,17,86,0.132,954,143,0.026,,,,,,,0,0,0,2026-07-03T09:59:24+02:00,"AMD Ryzen 9 3950X 16-Core Processor 32T",0.181,0.007,0.011,0.003,0,0,0,0,0
spi_on,B-n52-k7-15,52,1326,-74998,-74998,0,3.037,300,84,843,96,437,80,0.011,7,38,0.06,354,79,0.011,,,,,,,0,0,0,2026-07-03T09:59:27+02:00,"AMD Ryzen 9 3950X 16-Core Processor 32T",0.081,0.003,0,0.003,0,0,0,0,0
spi_on,B-n57-k7-20,57,1596,-867154,-867154,0,3.468,300,3,875,98,824,83,0.014,0,21,0.078,6,81,0.017,,,,,,,0,0,0,2026-07-03T09:59:31+02:00,"AMD Ryzen 9 3950X 16-Core Processor 32T",0.108,0.083,0,0.083,0,0,0,0,0
spi_on,B-n66-k9-50,66,2145,-26520,-26520,0,54.5,300,2149,3469,373,1440,337,0.118,9,146,0.444,1915,330,0.141,,,,,,,0,0,0,2026-07-03T10:00:25+02:00,"AMD Ryzen 9 3950X 16-Core Processor 32T",0.607,0.017,0.082,0.002,0,0,0,0,0
spi_on,B-n67-k10-26,67,2211,-21924,-21924,0,2.888,300,9,1048,137,316,101,0.024,4,46,0.085,665,98,0.026,,,,,,,0,0,0,2026-07-03T10:00:28+02:00,"AMD Ryzen 9 3950X 16-Core Processor 32T",0.118,0.001,0,0,0,0,0,0,0
spi_on,B-n68-k9-65,68,2278,-31001,-31001,0,35.272,300,905,2659,312,1175,264,0.071,6,102,0.278,1349,243,0.089,,,,,,,0,0,0,2026-07-03T10:01:04+02:00,"AMD Ryzen 9 3950X 16-Core Processor 32T",0.395,0.026,0.033,0.015,0,0,0,0,0
spi_on,B-n78-k10-70,78,3003,-44333,-44333,0,23.336,300,110,1410,173,537,137,0.061,2,74,0.161,782,128,0.067,,,,,,,0,0,0,2026-07-03T10:01:27+02:00,"AMD Ryzen 9 3950X 16-Core Processor 32T",0.236,0.005,0,0.001,0,0,0,0,0
spi_on,E-n101-k14-158,101,5050,-3590,-8865,1.469,300.037,300,4533,7969,897,3167,841,0.495,26,184,1.216,4653,816,0.748,,,,,,,0,0,0.001,2026-07-03T10:06:28+02:00,"AMD Ryzen 9 3950X 16-Core Processor 32T",2.244,0.134,0.319,0.044,0,0,0,0,0
spi_on,E-n101-k8-291,101,5050,-4266,-4266,0,28.41,300,535,1511,207,823,143,0.136,7,62,0.21,579,124,0.155,,,,,,,0,0,0,2026-07-03T10:06:56+02:00,"AMD Ryzen 9 3950X 16-Core Processor 32T",0.322,0.016,0.072,0.005,0,0,0,0,0
spi_on,E-n76-k10-72,76,2850,-25241,-25241,0,12.862,300,63,1000,142,361,95,0.036,2,47,0.119,563,89,0.046,,,,,,,0,0,0,2026-07-03T10:07:09+02:00,"AMD Ryzen 9 3950X 16-Core Processor 32T",0.175,0.005,0,0.003,0,0,0,0,0
spi_on,E-n76-k14-102,76,2850,-1,-1,0,98.562,300,2652,6665,981,3462,862,0.131,49,108,0.688,3109,757,0.234,,,,,,,0,0,0.001,2026-07-03T10:08:48+02:00,"AMD Ryzen 9 3950X 16-Core Processor 32T",1.196,0.034,0.064,0.001,0,0,0,0,0
spi_on,E-n76-k15-40,76,2850,-1,-1,0,95.847,300,3129,5738,867,2888,745,0.112,35,90,0.636,2721,656,0.217,,,,,,,0,0,0.001,2026-07-03T10:10:24+02:00,"AMD Ryzen 9 3950X 16-Core Processor 32T",1.109,0.041,0.08,0.002,0,0,0,0,0
spi_on,E-n76-k7-44,76,2850,-22214,-22214,0,6.922,300,27,976,116,359,97,0.052,5,63,0.125,576,93,0.058,,,,,,,0,0,0,2026-07-03T10:10:31+02:00,"AMD Ryzen 9 3950X 16-Core Processor 32T",0.184,0.057,0,0.056,0,0,0,0,0
spi_on,G-n262-k25-316,262,34191,-1426535,-1426535,0,56.169,300,51,1605,193,1419,153,1.094,1,107,0.329,110,153,1.013,,,,,,,,,,2026-07-03T10:11:27+02:00,"AMD Ryzen 9 3950X 16-Core Processor 32T",1.404,0,0,0,0,0,0,0,0
spi_on,M-n101-k10-97,101,5050,-32628,-32628,0,18.549,300,641,1790,200,1302,170,0.106,0,53,0.17,398,169,0.102,,,,,,,0,0,0,2026-07-03T10:11:46+02:00,"AMD Ryzen 9 3950X 16-Core Processor 32T",0.236,0.016,0.082,0.004,0,0,0,0,0
spi_on,M-n121-k7-260,121,7260,-160097,-160110,0,176.977,300,1385,3875,409,2629,381,0.784,0,215,0.666,1171,378,0.724,,,,,,,0,0,0,2026-07-03T10:14:43+02:00,"AMD Ryzen 9 3950X 16-Core Processor 32T",1.258,0.603,0.386,0.569,0,0,0,0,0
spi_on,M-n151-k12-15,151,11325,-79996,-86472,0.081,300.032,300,6120,10334,1089,7127,1012,2.488,0,692,1.699,2982,1008,2.269,,,,,,,0,0,0.001,2026-07-03T10:19:43+02:00,"AMD Ryzen 9 3950X 16-Core Processor 32T",3.469,0.299,2.008,0.12,0,0,0,4099,0
spi_on,M-n200-k16-143,200,19900,-198792,-198792,0,80.294,300,1,983,102,925,97,0.257,0,64,0.128,43,95,0.223,,,,,,,0,0,0,2026-07-03T10:21:04+02:00,"AMD Ryzen 9 3950X 16-Core Processor 32T",0.342,0.078,0,0.077,0,0,0,0,0
spi_on,M-n200-k17-12,200,19900,-121210,-125817,0.038,300.046,300,4154,9905,1050,7690,965,3.662,0,742,1.697,1960,965,3.092,,,,,,,0,0,0.001,2026-07-03T10:26:04+02:00,"AMD Ryzen 9 3950X 16-Core Processor 32T",4.586,0.534,1.45,0.338,0,0,0,819,0
spi_on,P-n101-k4-174,101,5050,-17702,-17702,0,17.976,300,120,1170,140,517,116,0.225,1,79,0.206,631,113,0.226,,,,,,,0,0,0,2026-07-03T10:26:22+02:00,"AMD Ryzen 9 3950X 16-Core Processor 32T",0.427,0.142,0,0.138,0,0,0,0,0
spi_on,P-n50-k10-24,50,1225,-2965,-2965,0,10.785,300,394,1133,204,418,142,0.01,5,23,0.113,606,123,0.019,,,,,,,0,0,0,2026-07-03T10:26:33+02:00,"AMD Ryzen 9 3950X 16-Core Processor 32T",0.167,0.005,0.005,0.001,0,0,0,0,0
spi_on,P-n50-k7-92,50,1225,-2,-2,0,13.904,300,955,2437,356,1390,280,0.026,8,58,0.244,966,224,0.042,,,,,,,0,0,0,2026-07-03T10:26:47+02:00,"AMD Ryzen 9 3950X 16-Core Processor 32T",0.348,0.008,0.017,0.003,0,0,0,0,0
spi_on,P-n50-k8-19,50,1225,-83307,-83307,0,1.477,300,19,550,69,324,53,0.005,2,9,0.034,195,53,0.006,,,,,,,0,0,0,2026-07-03T10:26:49+02:00,"AMD Ryzen 9 3950X 16-Core Processor 32T",0.046,0.001,0,0,0,0,0,0,0
spi_on,P-n51-k10-30,51,1275,-2,-2,0,20.758,300,1707,2641,404,1272,334,0.023,12,52,0.241,1289,282,0.041,,,,,,,0,0,0,2026-07-03T10:27:10+02:00,"AMD Ryzen 9 3950X 16-Core Processor 32T",0.359,0.011,0.026,0,0,0,0,0,0
spi_on,P-n55-k10-44,55,1485,-1090,-1090,0,20.563,300,1020,1906,308,878,255,0.026,5,39,0.206,941,182,0.041,,,,,,,0,0,0,2026-07-03T10:27:31+02:00,"AMD Ryzen 9 3950X 16-Core Processor 32T",0.322,0.009,0.017,0.002,0,0,0,0,0
spi_on,P-n55-k15-88,55,1485,-2,-2,0,34.781,300,2656,2074,486,1066,370,0.016,23,35,0.188,930,281,0.033,,,,,,,0,0,0,2026-07-03T10:28:05+02:00,"AMD Ryzen 9 3950X 16-Core Processor 32T",0.309,0.02,0.024,0,0,0,0,0,0
spi_on,P-n55-k7-116,55,1485,-17824,-17824,0,2.344,300,15,610,82,217,62,0.011,5,30,0.067,352,57,0.015,,,,,,,0,0,0,2026-07-03T10:28:08+02:00,"AMD Ryzen 9 3950X 16-Core Processor 32T",0.098,0.001,0,0.001,0,0,0,0,0
spi_on,P-n55-k8-260,55,1485,-3573,-3573,0,11.352,300,315,1114,149,451,110,0.02,1,47,0.108,581,99,0.024,,,,,,,0,0,0,2026-07-03T10:28:19+02:00,"AMD Ryzen 9 3950X 16-Core Processor 32T",0.151,0.007,0.003,0.004,0,0,0,0,0
spi_on,P-n60-k10-24,60,1770,-15001,-15001,0,2.319,300,21,626,85,220,63,0.009,3,23,0.057,377,66,0.013,,,,,,,0,0,0,2026-07-03T10:28:22+02:00,"AMD Ryzen 9 3950X 16-Core Processor 32T",0.084,0.001,0,0,0,0,0,0,0
spi_on,P-n60-k15-8,60,1770,-534,-534,0,24.38,300,850,1507,314,685,248,0.017,13,33,0.164,739,171,0.033,,,,,,,0,0,0,2026-07-03T10:28:46+02:00,"AMD Ryzen 9 3950X 16-Core Processor 32T",0.264,0.009,0.008,0.001,0,0,0,0,0
spi_on,P-n65-k10-102,65,2080,-3,-3,0,32.606,300,1918,4349,605,2304,521,0.066,26,97,0.404,1941,427,0.104,,,,,,,0,0,0,2026-07-03T10:29:19+02:00,"AMD Ryzen 9 3950X 16-Core Processor 32T",0.609,0.019,0.05,0.002,0,0,0,0,0
spi_on,P-n70-k10-12,70,2415,-70317,-70317,0,1.163,300,1,633,72,292,62,0.012,0,41,0.044,314,60,0.014,,,,,,,0,0,0,2026-07-03T10:29:21+02:00,"AMD Ryzen 9 3950X 16-Core Processor 32T",0.065,0.002,0,0.002,0,0,0,0,0
spi_on,P-n76-k4-41,76,2850,-88276,-88276,0,8.646,300,101,1375,149,880,133,0.106,0,101,0.188,450,133,0.094,,,,,,,0,0,0,2026-07-03T10:29:29+02:00,"AMD Ryzen 9 3950X 16-Core Processor 32T",0.291,0.014,0,0.012,0,0,0,0,0
spi_on,P-n76-k5-16,76,2850,-107633,-107633,0,1.913,300,1,570,62,445,55,0.027,0,34,0.065,104,51,0.025,,,,,,,0,0,0,2026-07-03T10:29:31+02:00,"AMD Ryzen 9 3950X 16-Core Processor 32T",0.101,0.003,0,0.003,0,0,0,0,0
spi_on,E-n101-k14_a,101,5050,-6.667,-6.667,0,100.357,300,925,4823,543,1692,500,0.326,17,154,0.698,3072,501,0.452,,,,,,,0,0,0,2026-07-03T10:31:12+02:00,"AMD Ryzen 9 3950X 16-Core Processor 32T",1.202,0.03,0.064,0.008,0,0,0,0,0
spi_on,E-n101-k14_b,101,5050,-0.002,-10.748,5373,300.035,300,5828,4980,632,1764,530,0.279,14,161,0.754,3080,530,0.456,,,,,,,0,0,0,2026-07-03T10:36:12+02:00,"AMD Ryzen 9 3950X 16-Core Processor 32T",1.468,0.128,0.367,0.018,0,0,0,0,0
spi_on,E-n101-k8_a,101,5050,-23.977,-23.977,0,33.3,300,405,1499,180,522,137,0.164,1,90,0.201,847,137,0.164,,,,,,,0,0,0,2026-07-03T10:36:46+02:00,"AMD Ryzen 9 3950X 16-Core Processor 32T",0.319,0.017,0.061,0.004,0,0,0,0,0
spi_on,E-n101-k8_b,101,5050,-18.738,-18.738,0,2.786,300,1,710,71,279,71,0.094,0,40,0.093,431,71,0.082,,,,,,,0,0,0,2026-07-03T10:36:49+02:00,"AMD Ryzen 9 3950X 16-Core Processor 32T",0.152,0,0,0,0,0,0,0,0
spi_on,E-n76-k10_a,76,2850,-3.81,-3.81,0,53.335,300,1354,4964,612,2370,557,0.142,17,106,0.615,2504,511,0.227,,,,,,,0,0,0,2026-07-03T10:37:42+02:00,"AMD Ryzen 9 3950X 16-Core Processor 32T",1.011,0.017,0.07,0.001,0,0,0,0,0
spi_on,E-n76-k10_b,76,2850,-8.138,-8.138,0,7.64,300,15,1014,118,180,99,0.04,3,62,0.116,786,99,0.048,,,,,,,0,0,0,2026-07-03T10:37:50+02:00,"AMD Ryzen 9 3950X 16-Core Processor 32T",0.178,0.022,0,0.022,0,0,0,0,0
spi_on,E-n76-k14_a,76,2850,-3.788,-3.788,0,54.814,300,1499,3462,485,1570,423,0.075,22,63,0.396,1805,379,0.133,,,,,,,0,0,0,2026-07-03T10:38:45+02:00,"AMD Ryzen 9 3950X 16-Core Processor 32T",0.645,0.019,0.036,0.001,0,0,0,0,0
spi_on,E-n76-k14_b,76,2850,-0.002,-0.002,0,117.429,300,4066,5471,868,2818,756,0.11,32,86,0.6,2537,604,0.2,,,,,,,0,0,0.001,2026-07-03T10:40:42+02:00,"AMD Ryzen 9 3950X 16-Core Processor 32T",1.026,0.055,0.087,0.006,0,0,0,0,0
spi_on,E-n76-k7_a,76,2850,-6.032,-6.032,0,45.254,300,1506,4569,513,2419,467,0.222,15,168,0.623,2035,410,0.286,,,,,,,0,0,0,2026-07-03T10:41:28+02:00,"AMD Ryzen 9 3950X 16-Core Processor 32T",0.972,0.036,0.143,0.02,0,0,0,0,0
spi_on,E-n76-k7_b,76,2850,-5.792,-5.792,0,5.886,300,5,991,110,308,104,0.062,6,55,0.143,665,98,0.068,,,,,,,0,0,0,2026-07-03T10:41:34+02:00,"AMD Ryzen 9 3950X 16-Core Processor 32T",0.238,0.034,0,0.034,0,0,0,0,0
spi_on,E-n76-k8_a,76,2850,-6.635,-6.635,0,53.577,300,2040,4009,489,1730,426,0.179,8,163,0.569,2135,375,0.251,,,,,,,0,0,0,2026-07-03T10:42:28+02:00,"AMD Ryzen 9 3950X 16-Core Processor 32T",0.913,0.024,0.112,0.001,0,0,0,0,0
spi_on,E-n76-k8_b,76,2850,-19.209,-19.209,0,1.053,300,1,490,49,139,49,0.034,0,33,0.057,351,49,0.029,,,,,,,0,0,0,2026-07-03T10:42:29+02:00,"AMD Ryzen 9 3950X 16-Core Processor 32T",0.078,0,0,0,0,0,0,0,0
spi_on,F-n135-k7_a,135,9045,-13.856,-21.881,0.579,300.018,300,13842,7381,785,4792,718,1.308,25,438,1.114,2363,718,1.186,,,,,,,0,0,0.001,2026-07-03T10:47:29+02:00,"AMD Ryzen 9 3950X 16-Core Processor 32T",1.864,1.858,8.083,1.602,0,0,0,0,0
spi_on,F-n45-k4_a,45,990,-13.714,-13.714,0,0.424,300,1,220,22,102,22,0.003,0,10,0.019,118,22,0.004,,,,,,,0,0,0,2026-07-03T10:47:30+02:00,"AMD Ryzen 9 3950X 16-Core Processor 32T",0.025,0,0,0,0,0,0,0,0
spi_on,F-n72-k4_a,72,2556,0.005,0.005,0,5.036,300,13,641,72,410,64,0.026,4,36,0.075,203,60,0.027,,,,,,,0,0,0,2026-07-03T10:47:35+02:00,"AMD Ryzen 9 3950X 16-Core Processor 32T",0.099,0.011,0,0.01,0,0,0,0,0
spi_on,M-n121-k7_a,121,7260,-11.979,-21.828,0.822,300.036,300,3564,6220,671,3174,604,1.394,25,388,1.1,2841,602,1.242,,,,,,,0,0,0.001,2026-07-03T10:52:35+02:00,"AMD Ryzen 9 3950X 16-Core Processor 32T",2.1,0.733,0.883,0.654,0,0,0,0,0
spi_on,M-n121-k7_b,121,7260,-8.674,-21.716,1.504,300.033,300,5165,8422,923,4336,808,1.735,19,502,1.413,3722,808,1.61,,,,,,,0,0,0.001,2026-07-03T10:57:35+02:00,"AMD Ryzen 9 3950X 16-Core Processor 32T",2.863,0.18,1.509,0.048,0,0,0,0,0
spi_on,M-n151-k12_a,151,11325,-2.759,-14.641,4.307,300.138,300,2268,3859,407,1298,377,1.004,10,191,0.689,2461,377,1.018,,,,,,,0,0,0,2026-07-03T11:02:36+02:00,"AMD Ryzen 9 3950X 16-Core Processor 32T",1.898,0.149,0.844,0.063,0,0,0,0,0
spi_on,M-n151-k12_b,151,11325,-3.509,-13.811,2.936,300.066,300,1780,3271,369,955,316,0.81,11,183,0.565,2159,314,0.868,,,,,,,0,0,0,2026-07-03T11:07:36+02:00,"AMD Ryzen 9 3950X 16-Core Processor 32T",1.643,0.087,0.734,0.005,0,0,0,0,0
spi_on,M-n200-k16_a,200,19900,1.528,-21.275,14.923,300.053,300,506,2485,273,481,238,1.033,2,153,0.441,1897,238,0.903,,,,,,,0,0,0,2026-07-03T11:12:36+02:00,"AMD Ryzen 9 3950X 16-Core Processor 32T",1.678,0.04,0.245,0.006,0,0,0,0,0
spi_on,M-n200-k16_b,200,19900,1.465,-33.296,23.728,300.031,300,2303,5600,644,2655,524,1.919,0,384,0.914,2585,524,1.644,,,,,,,0,0,0,2026-07-03T11:17:36+02:00,"AMD Ryzen 9 3950X 16-Core Processor 32T",2.479,0.165,0.975,0.002,0,0,0,0,0
spi_on,M-n200-k17_a,200,19900,-5.102,-21.962,3.305,300.041,300,510,2377,263,354,230,0.984,1,149,0.436,1962,237,0.87,,,,,,,0,0,0,2026-07-03T11:22:37+02:00,"AMD Ryzen 9 3950X 16-Core Processor 32T",1.864,0.285,0.113,0.252,0,0,0,0,0
spi_on,M-n200-k17_b,200,19900,-0,-17.539,4.19671939352194e+15,300.068,300,953,2890,303,775,283,1.216,3,165,0.511,2052,283,1.044,,,,,,,0,0,0,2026-07-03T11:27:37+02:00,"AMD Ryzen 9 3950X 16-Core Processor 32T",1.775,0.068,0.41,0.005,0,0,0,0,0
spi_on,P-n101-k4_a,101,5050,-7.219,-7.219,0,22.628,300,166,1105,131,525,108,0.19,3,58,0.173,526,95,0.194,,,,,,,0,0,0,2026-07-03T11:28:00+02:00,"AMD Ryzen 9 3950X 16-Core Processor 32T",0.391,0.031,0,0.025,0,0,0,0,0
spi_on,P-n101-k4_b,101,5050,-13.17,-13.17,0,2.49,300,1,400,40,300,40,0.068,0,16,0.06,100,40,0.066,,,,,,,0,0,0,2026-07-03T11:28:02+02:00,"AMD Ryzen 9 3950X 16-Core Processor 32T",0.102,0,0,0,0,0,0,0,0
spi_on,P-n70-k10_a,70,2415,-2.852,-2.852,0,35.104,300,1389,3838,490,1956,421,0.075,28,89,0.41,1772,388,0.124,,,,,,,0,0,0,2026-07-03T11:28:37+02:00,"AMD Ryzen 9 3950X 16-Core Processor 32T",0.617,0.013,0.045,0.001,0,0,0,0,0
spi_on,P-n70-k10_b,70,2415,-2.477,-2.477,0,18.689,300,210,1633,237,647,188,0.038,8,39,0.204,879,160,0.064,,,,,,,0,0,0,2026-07-03T11:28:56+02:00,"AMD Ryzen 9 3950X 16-Core Processor 32T",0.314,0.004,0.007,0,0,0,0,0,0
spi_on,P-n76-k4_a,76,2850,-2.903,-2.903,0,19.279,300,1484,2345,274,1467,233,0.13,5,69,0.341,789,190,0.175,,,,,,,0,0,0,2026-07-03T11:29:16+02:00,"AMD Ryzen 9 3950X 16-Core Processor 32T",0.522,0.016,0.288,0.003,0,0,0,0,0
spi_on,P-n76-k4_b,76,2850,-13.164,-13.164,0,0.999,300,1,410,41,125,41,0.036,0,25,0.057,285,41,0.033,,,,,,,0,0,0,2026-07-03T11:29:17+02:00,"AMD Ryzen 9 3950X 16-Core Processor 32T",0.077,0,0,0,0,0,0,0,0
spi_on,P-n76-k5_a,76,2850,-3.96,-3.96,0,27.63,300,1083,3845,424,2466,385,0.187,14,129,0.519,1283,351,0.239,,,,,,,0,0,0,2026-07-03T11:29:45+02:00,"AMD Ryzen 9 3950X 16-Core Processor 32T",0.778,0.012,0.162,0.002,0,0,0,0,0
spi_on,P-n76-k5_b,76,2850,-13.64,-13.64,0,1.049,300,1,450,45,141,45,0.039,0,33,0.059,309,45,0.031,,,,,,,0,0,0,2026-07-03T11:29:46+02:00,"AMD Ryzen 9 3950X 16-Core Processor 32T",0.083,0,0,0,0,0,0,0,0
